2026-08-06 08:27:15,085 [INFO] Activator:170 - 


2026-08-06 08:27:15,085 [INFO] Activator:171 - !SESSION log4j initialized
2026-08-06 08:46:54,345 [INFO] Activator:170 - 


2026-08-06 08:46:54,345 [INFO] Activator:171 - !SESSION log4j initialized
2026-08-07 10:12:02,640 [INFO] Activator:170 - 


2026-08-07 10:12:02,640 [INFO] Activator:171 - !SESSION log4j initialized
2026-08-07 10:20:59,217 [INFO] Activator:170 - 


2026-08-07 10:20:59,217 [INFO] Activator:171 - !SESSION log4j initialized
2026-08-10 08:06:55,154 [INFO] Activator:170 - 


2026-08-10 08:06:55,154 [INFO] Activator:171 - !SESSION log4j initialized
2026-08-10 08:07:32,343 [INFO] McuFinderGlobals:40 - Set McuFinder mode to 2 (CubeIDE integrated)
2026-08-10 08:07:37,129 [INFO] ApplicationProperties:181 - Using Application install path: C:\ST\STM32CubeIDE_1.5.1\STM32CubeIDE\plugins\com.st.stm32cube.common.mx_6.1.1.202012091304
2026-08-10 08:07:37,145 [INFO] DbMcusXml:71 - Set database path to: C:\ST\STM32CubeIDE_1.5.1\STM32CubeIDE\plugins\com.st.stm32cube.common.mx_6.1.1.202012091304\\db\/mcu/
2026-08-10 08:07:37,145 [INFO] DbBoardsPdsc:57 - Set plugin database path to: C:\ST\STM32CubeIDE_1.5.1\STM32CubeIDE\plugins\com.st.stm32cube.common.mx_6.1.1.202012091304\\db\/plugins/boardmanager/
2026-08-10 08:07:37,145 [INFO] DbMcus:259 - Set plugin images path to: C:\ST\STM32CubeIDE_1.5.1\STM32CubeIDE\plugins\com.st.stm32cube.common.mx_6.1.1.202012091304\\db\/plugins/mcufinder/images/
2026-08-10 08:07:37,145 [INFO] DbBoards:265 - Set plugin images path to: C:\ST\STM32CubeIDE_1.5.1\STM32CubeIDE\plugins\com.st.stm32cube.common.mx_6.1.1.202012091304\\db\/plugins/mcufinder/images/
2026-08-10 08:07:37,145 [INFO] DbExamples:329 - Set plugin images path to: C:\ST\STM32CubeIDE_1.5.1\STM32CubeIDE\plugins\com.st.stm32cube.common.mx_6.1.1.202012091304\\db\/plugins/mcufinder/images/
2026-08-10 08:07:37,145 [INFO] DbMcusDocs:112 - Set database path to: C:\Users\Alunos\.stmcufinder\plugins\mcufinder//mcu/
2026-08-10 08:07:37,145 [INFO] DbMcusJson:63 - Set database path to: C:\Users\Alunos\.stmcufinder\plugins\mcufinder//mcu/
2026-08-10 08:07:37,145 [INFO] DbBoardsDocs:112 - Set database path to: C:\Users\Alunos\.stmcufinder\plugins\mcufinder//mcu/
2026-08-10 08:07:37,145 [INFO] DbBoardsJson:56 - Set database path to: C:\Users\Alunos\.stmcufinder\plugins\mcufinder//mcu/
2026-08-10 08:07:37,254 [INFO] CrossReferenceDbSqlite:196 - Set database path to: C:\Users\Alunos\.stmcufinder\plugins\mcufinder//mcu/cs/
2026-08-10 08:07:37,254 [INFO] DbExamplesSqlite:699 - Set database path to: C:\Users\Alunos\.stmcufinder\plugins\mcufinder//mcu/
2026-08-10 08:07:37,316 [INFO] RulesReader:52 - Compatibility file has been processed (228 Rules)
2026-08-10 08:07:37,379 [INFO] MicroXplorer:565 - Detected Java Version = 1.8.0_272
2026-08-10 08:07:37,379 [INFO] DbMcusXml:71 - Set database path to: C:\ST\STM32CubeIDE_1.5.1\STM32CubeIDE\plugins\com.st.stm32cube.common.mx_6.1.1.202012091304\\db\/mcu/
2026-08-10 08:07:37,379 [INFO] DbBoardsPdsc:57 - Set plugin database path to: C:\ST\STM32CubeIDE_1.5.1\STM32CubeIDE\plugins\com.st.stm32cube.common.mx_6.1.1.202012091304\\db\/plugins/boardmanager/
2026-08-10 08:07:37,379 [INFO] DbMcus:259 - Set plugin images path to: C:\ST\STM32CubeIDE_1.5.1\STM32CubeIDE\plugins\com.st.stm32cube.common.mx_6.1.1.202012091304\\db\/plugins/mcufinder/images/
2026-08-10 08:07:37,379 [INFO] DbBoards:265 - Set plugin images path to: C:\ST\STM32CubeIDE_1.5.1\STM32CubeIDE\plugins\com.st.stm32cube.common.mx_6.1.1.202012091304\\db\/plugins/mcufinder/images/
2026-08-10 08:07:37,379 [INFO] DbExamples:329 - Set plugin images path to: C:\ST\STM32CubeIDE_1.5.1\STM32CubeIDE\plugins\com.st.stm32cube.common.mx_6.1.1.202012091304\\db\/plugins/mcufinder/images/
2026-08-10 08:07:37,379 [WARN] DbFile:36 - Overriding database path with different value: C:\Users\Alunos\.stmcufinder\plugins\mcufinder/ => C:\Users\Alunos\.stmcufinder\plugins\mcufinder
2026-08-10 08:07:37,379 [INFO] DbMcusDocs:112 - Set database path to: C:\Users\Alunos\.stmcufinder\plugins\mcufinder//mcu/
2026-08-10 08:07:37,379 [WARN] DbFile:36 - Overriding database path with different value: C:\Users\Alunos\.stmcufinder\plugins\mcufinder/ => C:\Users\Alunos\.stmcufinder\plugins\mcufinder
2026-08-10 08:07:37,379 [INFO] DbMcusJson:63 - Set database path to: C:\Users\Alunos\.stmcufinder\plugins\mcufinder//mcu/
2026-08-10 08:07:37,379 [WARN] DbFile:36 - Overriding database path with different value: C:\Users\Alunos\.stmcufinder\plugins\mcufinder/ => C:\Users\Alunos\.stmcufinder\plugins\mcufinder
2026-08-10 08:07:37,379 [INFO] DbBoardsDocs:112 - Set database path to: C:\Users\Alunos\.stmcufinder\plugins\mcufinder//mcu/
2026-08-10 08:07:37,379 [WARN] DbFile:36 - Overriding database path with different value: C:\Users\Alunos\.stmcufinder\plugins\mcufinder/ => C:\Users\Alunos\.stmcufinder\plugins\mcufinder
2026-08-10 08:07:37,379 [INFO] DbBoardsJson:56 - Set database path to: C:\Users\Alunos\.stmcufinder\plugins\mcufinder//mcu/
2026-08-10 08:07:37,379 [WARN] DbFile:36 - Overriding database path with different value: C:\Users\Alunos\.stmcufinder\plugins\mcufinder/ => C:\Users\Alunos\.stmcufinder\plugins\mcufinder
2026-08-10 08:07:37,379 [WARN] DbFile:36 - Overriding database path with different value: C:\Users\Alunos\.stmcufinder\plugins\mcufinder/ => C:\Users\Alunos\.stmcufinder\plugins\mcufinder
2026-08-10 08:07:37,379 [INFO] CrossReferenceDbSqlite:196 - Set database path to: C:\Users\Alunos\.stmcufinder\plugins\mcufinder//mcu/cs/
2026-08-10 08:07:37,379 [WARN] DbFile:36 - Overriding database path with different value: C:\Users\Alunos\.stmcufinder\plugins\mcufinder/ => C:\Users\Alunos\.stmcufinder\plugins\mcufinder
2026-08-10 08:07:37,379 [INFO] DbExamplesSqlite:699 - Set database path to: C:\Users\Alunos\.stmcufinder\plugins\mcufinder//mcu/
2026-08-10 08:07:37,410 [INFO] MainPanel:190 - HeapMemory: 342884352
2026-08-10 08:07:37,457 [INFO] DbMcusXml:71 - Set database path to: C:\ST\STM32CubeIDE_1.5.1\STM32CubeIDE\plugins\com.st.stm32cube.common.mx_6.1.1.202012091304\\db\/mcu/
2026-08-10 08:07:37,457 [INFO] DbBoardsPdsc:57 - Set plugin database path to: C:\ST\STM32CubeIDE_1.5.1\STM32CubeIDE\plugins\com.st.stm32cube.common.mx_6.1.1.202012091304\\db\/plugins/boardmanager/
2026-08-10 08:07:37,457 [INFO] DbMcus:259 - Set plugin images path to: C:\ST\STM32CubeIDE_1.5.1\STM32CubeIDE\plugins\com.st.stm32cube.common.mx_6.1.1.202012091304\\db\/plugins/mcufinder/images/
2026-08-10 08:07:37,457 [INFO] DbBoards:265 - Set plugin images path to: C:\ST\STM32CubeIDE_1.5.1\STM32CubeIDE\plugins\com.st.stm32cube.common.mx_6.1.1.202012091304\\db\/plugins/mcufinder/images/
2026-08-10 08:07:37,457 [INFO] DbExamples:329 - Set plugin images path to: C:\ST\STM32CubeIDE_1.5.1\STM32CubeIDE\plugins\com.st.stm32cube.common.mx_6.1.1.202012091304\\db\/plugins/mcufinder/images/
2026-08-10 08:07:37,457 [WARN] DbFile:36 - Overriding database path with different value: C:\Users\Alunos\.stmcufinder\plugins\mcufinder/ => C:\Users\Alunos\.stmcufinder\plugins\mcufinder
2026-08-10 08:07:37,457 [INFO] DbMcusDocs:112 - Set database path to: C:\Users\Alunos\.stmcufinder\plugins\mcufinder//mcu/
2026-08-10 08:07:37,457 [WARN] DbFile:36 - Overriding database path with different value: C:\Users\Alunos\.stmcufinder\plugins\mcufinder/ => C:\Users\Alunos\.stmcufinder\plugins\mcufinder
2026-08-10 08:07:37,457 [INFO] DbMcusJson:63 - Set database path to: C:\Users\Alunos\.stmcufinder\plugins\mcufinder//mcu/
2026-08-10 08:07:37,457 [WARN] DbFile:36 - Overriding database path with different value: C:\Users\Alunos\.stmcufinder\plugins\mcufinder/ => C:\Users\Alunos\.stmcufinder\plugins\mcufinder
2026-08-10 08:07:37,457 [INFO] DbBoardsDocs:112 - Set database path to: C:\Users\Alunos\.stmcufinder\plugins\mcufinder//mcu/
2026-08-10 08:07:37,457 [WARN] DbFile:36 - Overriding database path with different value: C:\Users\Alunos\.stmcufinder\plugins\mcufinder/ => C:\Users\Alunos\.stmcufinder\plugins\mcufinder
2026-08-10 08:07:37,457 [INFO] DbBoardsJson:56 - Set database path to: C:\Users\Alunos\.stmcufinder\plugins\mcufinder//mcu/
2026-08-10 08:07:37,457 [WARN] DbFile:36 - Overriding database path with different value: C:\Users\Alunos\.stmcufinder\plugins\mcufinder/ => C:\Users\Alunos\.stmcufinder\plugins\mcufinder
2026-08-10 08:07:37,457 [WARN] DbFile:36 - Overriding database path with different value: C:\Users\Alunos\.stmcufinder\plugins\mcufinder/ => C:\Users\Alunos\.stmcufinder\plugins\mcufinder
2026-08-10 08:07:37,457 [INFO] CrossReferenceDbSqlite:196 - Set database path to: C:\Users\Alunos\.stmcufinder\plugins\mcufinder//mcu/cs/
2026-08-10 08:07:37,457 [WARN] DbFile:36 - Overriding database path with different value: C:\Users\Alunos\.stmcufinder\plugins\mcufinder/ => C:\Users\Alunos\.stmcufinder\plugins\mcufinder
2026-08-10 08:07:37,457 [INFO] DbExamplesSqlite:699 - Set database path to: C:\Users\Alunos\.stmcufinder\plugins\mcufinder//mcu/
2026-08-10 08:07:37,473 [INFO] ApplicationProperties:181 - Using Application install path: C:\ST\STM32CubeIDE_1.5.1\STM32CubeIDE\plugins\com.st.stm32cube.common.mx_6.1.1.202012091304
2026-08-10 08:07:37,473 [INFO] PluginManage:178 - Search for loadable plugins [exclusion list=, ]
2026-08-10 08:07:37,473 [INFO] PluginManage:292 - Check plugin analytics
2026-08-10 08:07:37,582 [INFO] AnalyticsPlugin:225 - Accepted Software Licenses: 
2026-08-10 08:07:37,582 [INFO] AnalyticsPlugin:227 - Accepted CMSIS Pack Licenses: 
2026-08-10 08:07:37,582 [INFO] AnalyticsPlugin:229 - Accepted Firmware Licenses: 
2026-08-10 08:07:37,582 [INFO] PluginManage:342 - Loaded plugin analytics (category:tool,tabindex:-1)
2026-08-10 08:07:37,582 [INFO] PluginManage:292 - Check plugin clock
2026-08-10 08:07:37,598 [INFO] PluginManage:342 - Loaded plugin clock (category:base,tabindex:2)
2026-08-10 08:07:37,598 [INFO] PluginManage:292 - Check plugin ddr
2026-08-10 08:07:37,598 [INFO] PluginManage:342 - Loaded plugin ddr (category:tool,tabindex:6)
2026-08-10 08:07:37,598 [INFO] PluginManage:292 - Check plugin filemanager
2026-08-10 08:07:37,676 [INFO] PluginManage:342 - Loaded plugin filemanager (category:base,tabindex:10)
2026-08-10 08:07:37,676 [INFO] PluginManage:292 - Check plugin ipmanager
2026-08-10 08:07:37,676 [INFO] PluginManage:342 - Loaded plugin ipmanager (category:base,tabindex:5)
2026-08-10 08:07:37,676 [INFO] PluginManage:292 - Check plugin pinoutandconfiguration
2026-08-10 08:07:37,691 [INFO] PluginManage:342 - Loaded plugin pinoutandconfiguration (category:base,tabindex:1)
2026-08-10 08:07:37,691 [INFO] PluginManage:292 - Check plugin pinoutconfig
2026-08-10 08:07:37,707 [INFO] PluginManage:342 - Loaded plugin pinoutconfig (category:base,tabindex:0)
2026-08-10 08:07:37,707 [INFO] PluginManage:292 - Check plugin power
2026-08-10 08:07:37,723 [INFO] PluginManage:342 - Loaded plugin power (category:power,tabindex:4)
2026-08-10 08:07:37,723 [INFO] PluginManage:292 - Check plugin projectmanager
2026-08-10 08:07:37,738 [INFO] PluginManage:342 - Loaded plugin projectmanager (category:projectmanager,tabindex:3)
2026-08-10 08:07:37,738 [INFO] PluginManage:292 - Check plugin thirdparty
2026-08-10 08:07:37,926 [INFO] PluginManage:342 - Loaded plugin thirdparty (category:base,tabindex:-1)
2026-08-10 08:07:37,926 [WARN] IntegrityCheckThread:59 - waiting for thirdparty lock release [integrity check]
2026-08-10 08:07:37,926 [INFO] PluginManage:292 - Check plugin tools
2026-08-10 08:07:37,926 [INFO] IntegrityCheckThread:61 - entering critical section [integrity check]
2026-08-10 08:07:37,926 [INFO] ThirdPartyUpdaterWithRetryManager:56 - Updater plugin not ready yet. [1/15]
2026-08-10 08:07:38,004 [INFO] PluginManage:342 - Loaded plugin tools (category:base,tabindex:7)
2026-08-10 08:07:38,004 [INFO] PluginManage:292 - Check plugin tutovideos
2026-08-10 08:07:38,160 [INFO] PluginManage:342 - Loaded plugin tutovideos (category:base,tabindex:-1)
2026-08-10 08:07:38,160 [INFO] PluginManage:292 - Check plugin updater
2026-08-10 08:07:38,176 [INFO] PluginManage:342 - Loaded plugin updater (category:base,tabindex:12)
2026-08-10 08:07:38,176 [INFO] PluginManage:265 - PluginManage : Loaded plugins [13]
2026-08-10 08:07:38,301 [INFO] PinOutPanel:1434 - setPackage(No Configuration,No Configuration)
2026-08-10 08:07:38,348 [INFO] IPUIPlugin:64 - create IPUIPlugin
2026-08-10 08:07:38,348 [INFO] PluginManager:203 - loadIPPluginJar : add adc
2026-08-10 08:07:38,394 [INFO] IPUIPlugin:64 - create IPUIPlugin
2026-08-10 08:07:38,394 [INFO] PluginManager:203 - loadIPPluginJar : add aes
2026-08-10 08:07:38,441 [INFO] IPUIPlugin:64 - create IPUIPlugin
2026-08-10 08:07:38,441 [INFO] PluginManager:203 - loadIPPluginJar : add can
2026-08-10 08:07:38,457 [INFO] IPUIPlugin:64 - create IPUIPlugin
2026-08-10 08:07:38,457 [INFO] PluginManager:203 - loadIPPluginJar : add comp
2026-08-10 08:07:38,504 [INFO] IPUIPlugin:64 - create IPUIPlugin
2026-08-10 08:07:38,504 [INFO] PluginManager:203 - loadIPPluginJar : add cryp
2026-08-10 08:07:38,535 [INFO] IPUIPlugin:64 - create IPUIPlugin
2026-08-10 08:07:38,535 [INFO] PluginManager:203 - loadIPPluginJar : add dfsdm
2026-08-10 08:07:38,551 [INFO] IPUIPlugin:64 - create IPUIPlugin
2026-08-10 08:07:38,551 [INFO] PluginManager:203 - loadIPPluginJar : add dma
2026-08-10 08:07:38,566 [INFO] IPUIPlugin:64 - create IPUIPlugin
2026-08-10 08:07:38,582 [INFO] PluginManager:203 - loadIPPluginJar : add fatfs
2026-08-10 08:07:38,629 [INFO] IPUIPlugin:64 - create IPUIPlugin
2026-08-10 08:07:38,629 [INFO] PluginManager:203 - loadIPPluginJar : add fmc
2026-08-10 08:07:38,644 [INFO] IPUIPlugin:64 - create IPUIPlugin
2026-08-10 08:07:38,644 [INFO] PluginManager:203 - loadIPPluginJar : add freertos
2026-08-10 08:07:38,676 [INFO] IPUIPlugin:64 - create IPUIPlugin
2026-08-10 08:07:38,676 [INFO] PluginManager:203 - loadIPPluginJar : add genericplugin
2026-08-10 08:07:38,754 [INFO] IPUIPlugin:64 - create IPUIPlugin
2026-08-10 08:07:38,754 [INFO] PluginManager:203 - loadIPPluginJar : add gfxmmu
2026-08-10 08:07:38,863 [INFO] IPUIPlugin:64 - create IPUIPlugin
2026-08-10 08:07:38,863 [INFO] PluginManager:203 - loadIPPluginJar : add gic
2026-08-10 08:07:38,879 [INFO] IPUIPlugin:64 - create IPUIPlugin
2026-08-10 08:07:38,879 [INFO] PluginManager:203 - loadIPPluginJar : add gpio
2026-08-10 08:07:38,941 [INFO] IPUIPlugin:64 - create IPUIPlugin
2026-08-10 08:07:38,941 [INFO] PluginManager:203 - loadIPPluginJar : add gtzc
2026-08-10 08:07:38,973 [INFO] IPUIPlugin:64 - create IPUIPlugin
2026-08-10 08:07:38,973 [INFO] PluginManager:203 - loadIPPluginJar : add hash
2026-08-10 08:07:39,035 [INFO] IPUIPlugin:64 - create IPUIPlugin
2026-08-10 08:07:39,035 [INFO] PluginManager:203 - loadIPPluginJar : add i2c
2026-08-10 08:07:39,082 [INFO] IPUIPlugin:64 - create IPUIPlugin
2026-08-10 08:07:39,082 [INFO] PluginManager:203 - loadIPPluginJar : add i2s
2026-08-10 08:07:39,098 [INFO] IPUIPlugin:64 - create IPUIPlugin
2026-08-10 08:07:39,098 [INFO] PluginManager:203 - loadIPPluginJar : add ipddr
2026-08-10 08:07:39,129 [INFO] IPUIPlugin:64 - create IPUIPlugin
2026-08-10 08:07:39,129 [INFO] PluginManager:203 - loadIPPluginJar : add lorawan
2026-08-10 08:07:39,176 [INFO] IPUIPlugin:64 - create IPUIPlugin
2026-08-10 08:07:39,176 [INFO] PluginManager:203 - loadIPPluginJar : add ltdc
2026-08-10 08:07:39,176 [INFO] IPUIPlugin:64 - create IPUIPlugin
2026-08-10 08:07:39,176 [INFO] PluginManager:203 - loadIPPluginJar : add mdma
2026-08-10 08:07:39,191 [INFO] IPUIPlugin:64 - create IPUIPlugin
2026-08-10 08:07:39,191 [INFO] PluginManager:203 - loadIPPluginJar : add nvic
2026-08-10 08:07:39,223 [INFO] IPUIPlugin:64 - create IPUIPlugin
2026-08-10 08:07:39,223 [INFO] PluginManager:203 - loadIPPluginJar : add opamp
2026-08-10 08:07:39,285 [INFO] IPUIPlugin:64 - create IPUIPlugin
2026-08-10 08:07:39,285 [INFO] PluginManager:203 - loadIPPluginJar : add openamp
2026-08-10 08:07:39,332 [INFO] IPUIPlugin:64 - create IPUIPlugin
2026-08-10 08:07:39,332 [INFO] PluginManager:203 - loadIPPluginJar : add pdm2pcm
2026-08-10 08:07:39,348 [INFO] IPUIPlugin:64 - create IPUIPlugin
2026-08-10 08:07:39,348 [INFO] PluginManager:203 - loadIPPluginJar : add plateformsettings
2026-08-10 08:07:39,363 [INFO] IPUIPlugin:64 - create IPUIPlugin
2026-08-10 08:07:39,363 [INFO] PluginManager:203 - loadIPPluginJar : add quadspi
2026-08-10 08:07:39,379 [INFO] IPUIPlugin:64 - create IPUIPlugin
2026-08-10 08:07:39,379 [INFO] PluginManager:203 - loadIPPluginJar : add resmgrutility
2026-08-10 08:07:39,426 [INFO] IPUIPlugin:64 - create IPUIPlugin
2026-08-10 08:07:39,426 [INFO] PluginManager:203 - loadIPPluginJar : add sai
2026-08-10 08:07:39,472 [INFO] IPUIPlugin:64 - create IPUIPlugin
2026-08-10 08:07:39,472 [INFO] PluginManager:203 - loadIPPluginJar : add spi
2026-08-10 08:07:39,519 [INFO] IPUIPlugin:64 - create IPUIPlugin
2026-08-10 08:07:39,519 [INFO] PluginManager:203 - loadIPPluginJar : add stm32_wpan
2026-08-10 08:07:39,551 [INFO] IPUIPlugin:64 - create IPUIPlugin
2026-08-10 08:07:39,551 [INFO] PluginManager:203 - loadIPPluginJar : add tim
2026-08-10 08:07:39,613 [INFO] IPUIPlugin:64 - create IPUIPlugin
2026-08-10 08:07:39,613 [INFO] PluginManager:203 - loadIPPluginJar : add touchsensing
2026-08-10 08:07:39,644 [INFO] IPUIPlugin:64 - create IPUIPlugin
2026-08-10 08:07:39,644 [INFO] PluginManager:203 - loadIPPluginJar : add tracer_emb
2026-08-10 08:07:39,676 [INFO] IPUIPlugin:64 - create IPUIPlugin
2026-08-10 08:07:39,676 [INFO] PluginManager:203 - loadIPPluginJar : add ts
2026-08-10 08:07:39,691 [INFO] IPUIPlugin:64 - create IPUIPlugin
2026-08-10 08:07:39,691 [INFO] PluginManager:203 - loadIPPluginJar : add tsc
2026-08-10 08:07:39,722 [INFO] IPUIPlugin:64 - create IPUIPlugin
2026-08-10 08:07:39,722 [INFO] PluginManager:203 - loadIPPluginJar : add ucpd
2026-08-10 08:07:39,769 [INFO] IPUIPlugin:64 - create IPUIPlugin
2026-08-10 08:07:39,769 [INFO] PluginManager:203 - loadIPPluginJar : add usart
2026-08-10 08:07:39,965 [FATAL] Updater:284 - Updater called before beeing initialized
2026-08-10 08:07:40,012 [FATAL] Updater:284 - Updater called before beeing initialized
2026-08-10 08:07:40,043 [WARN] DetailPanel:347 - Failed to get advertising image, set to default
2026-08-10 08:07:40,043 [FATAL] Updater:284 - Updater called before beeing initialized
2026-08-10 08:07:40,043 [WARN] DetailPanel:347 - Failed to get advertising image, set to default
2026-08-10 08:07:40,075 [FATAL] Updater:284 - Updater called before beeing initialized
2026-08-10 08:07:40,075 [WARN] ThirdParty:783 - waiting for thirdparty lock release [close project]
2026-08-10 08:07:40,940 [INFO] ThirdPartyUpdaterWithRetryManager:56 - Updater plugin not ready yet. [2/15]
2026-08-10 08:07:43,947 [FATAL] Updater:284 - Updater called before beeing initialized
2026-08-10 08:07:43,947 [ERROR] AbstractThirdPartyUpdaterManager:153 - java.lang.Integer cannot be cast to java.util.List
2026-08-10 08:07:43,947 [INFO] ThirdParty:887 - Integrity check success = false
2026-08-10 08:07:43,947 [INFO] IntegrityCheckThread:75 - exiting critical section [integrity check]
2026-08-10 08:07:43,947 [INFO] IntegrityCheckThread:78 - End integrity checks thread
2026-08-10 08:07:43,947 [INFO] ThirdParty:785 - entering critical section [close project]
2026-08-10 08:07:43,947 [INFO] ThirdParty:796 - exiting critical section [close project]
2026-08-10 08:07:43,947 [INFO] PinOutPanel:1434 - setPackage(No Configuration,No Configuration)
2026-08-10 08:07:43,963 [FATAL] Updater:284 - Updater called before beeing initialized
2026-08-10 08:07:43,983 [ERROR] Updater:1065 - MainUpdater not yet initialized. External WinMGr cannot be set.
2026-08-10 08:07:43,983 [INFO] Updater:1002 - Updater Version found : 6.1.1
2026-08-10 08:07:43,999 [INFO] ApplicationProperties:181 - Using Application install path: C:\ST\STM32CubeIDE_1.5.1\STM32CubeIDE\plugins\com.st.stm32cube.common.mx_6.1.1.202012091304
2026-08-10 08:07:44,872 [INFO] MainUpdater:2644 - connection check result : 10
2026-08-10 08:07:44,872 [INFO] MainUpdater:3332 - Updater definition file requires update
2026-08-10 08:07:44,872 [INFO] MainUpdater:249 - Updater Check For Update Now.
2026-08-10 08:07:44,872 [INFO] MicroXplorer:415 - Change Database Version : DB.6.0.10
2026-08-10 08:07:45,289 [INFO] ServerAccessManage:348 - Download File updaters.zip
2026-08-10 08:07:45,523 [INFO] FileExtend:225 - Unzip File : updaters.zip
2026-08-10 08:07:45,523 [INFO] FileExtend:240 - Standard Zip Deflate
2026-08-10 08:07:46,508 [INFO] ServerAccessManage:348 - Download File PacksControlFlags.xml
2026-08-10 08:07:46,883 [INFO] ServerAccessManage:348 - Download File cubemx.pidx
2026-08-10 08:07:46,961 [INFO] LoadServerUpdatesThread:329 - End of LoadServerUpdate Thread
2026-08-10 08:07:46,992 [INFO] CheckServerUpdateThread:102 - End of CheckServer Thread
2026-08-10 08:07:47,070 [INFO] MainUpdater:2644 - connection check result : 10
2026-08-10 08:07:47,070 [INFO] MainUpdater:2644 - connection check result : 10
2026-08-10 08:07:47,242 [INFO] MicroXplorer:385 - Change Database Path : 
2026-08-10 08:07:47,242 [INFO] MicroXplorer:415 - Change Database Version : DB.6.0.10
2026-08-10 08:07:47,242 [WARN] ThirdParty:783 - waiting for thirdparty lock release [close project]
2026-08-10 08:07:47,242 [INFO] ThirdParty:785 - entering critical section [close project]
2026-08-10 08:07:47,242 [INFO] ThirdParty:796 - exiting critical section [close project]
2026-08-10 08:07:47,242 [INFO] PinOutPanel:1434 - setPackage(No Configuration,No Configuration)
2026-08-10 08:07:47,242 [INFO] UtilMem:74 - Begin LoadConfig() Used Memory: 483330608 Bytes (746586112)
2026-08-10 08:07:47,242 [INFO] MicroXplorer:385 - Change Database Path : 
2026-08-10 08:07:47,242 [INFO] MicroXplorer:415 - Change Database Version : DB.6.0.10
2026-08-10 08:07:47,242 [INFO] OpenFileManager:274 - Change cursor
2026-08-10 08:07:47,257 [WARN] ThirdParty:204 - Use empty third party IP manager
2026-08-10 08:07:47,257 [WARN] IntegrityCheckThread:59 - waiting for thirdparty lock release [integrity check]
2026-08-10 08:07:47,257 [INFO] IntegrityCheckThread:61 - entering critical section [integrity check]
2026-08-10 08:07:47,423 [ERROR] Engine:500 - C:\Users\Alunos\.stm32cubemx\thirdparties\pdsc\STMicroelectronics.FP-SNS-MOTENVWB1.1.4.0.pdsc: PDSC version is not supported
2026-08-10 08:07:47,485 [ERROR] Engine:500 - C:\Users\Alunos\.stm32cubemx\thirdparties\pdsc\STMicroelectronics.X-CUBE-SMBUS.2.1.1.pdsc: PDSC version is not supported
2026-08-10 08:07:47,501 [ERROR] Engine:500 - C:\Users\Alunos\.stm32cubemx\thirdparties\pdsc\STMicroelectronics.X-CUBE-SMBUS.2.1.0.pdsc: PDSC version is not supported
2026-08-10 08:07:47,548 [ERROR] Engine:500 - C:\Users\Alunos\.stm32cubemx\thirdparties\pdsc\STMicroelectronics.X-CUBE-ST60.1.0.0.pdsc: PDSC version is not supported
2026-08-10 08:07:47,595 [ERROR] Engine:500 - C:\Users\Alunos\.stm32cubemx\thirdparties\pdsc\STMicroelectronics.X-CUBE-FREERTOS.1.6.0.pdsc: PDSC version is not supported
2026-08-10 08:07:47,595 [ERROR] Engine:500 - C:\Users\Alunos\.stm32cubemx\thirdparties\pdsc\STMicroelectronics.FP-SNS-MOTENV1.5.1.0.pdsc: PDSC version is not supported
2026-08-10 08:07:47,641 [ERROR] Engine:500 - C:\Users\Alunos\.stm32cubemx\thirdparties\pdsc\STMicroelectronics.FP-SNS-FLIGHT1.5.0.2.pdsc: PDSC version is not supported
2026-08-10 08:07:47,641 [ERROR] Engine:500 - C:\Users\Alunos\.stm32cubemx\thirdparties\pdsc\Infineon.AIROC-Wi-Fi-Bluetooth-STM32.1.7.0.pdsc: PDSC version is not supported
2026-08-10 08:07:47,688 [ERROR] Engine:500 - C:\Users\Alunos\.stm32cubemx\thirdparties\pdsc\STMicroelectronics.X-CUBE-DISPLAY.3.0.0.pdsc: PDSC version is not supported
2026-08-10 08:07:47,704 [ERROR] Engine:500 - C:\Users\Alunos\.stm32cubemx\thirdparties\pdsc\STMicroelectronics.FP-SNS-MOTENVWB1.1.5.0.pdsc: PDSC version is not supported
2026-08-10 08:07:47,735 [ERROR] Engine:500 - C:\Users\Alunos\.stm32cubemx\thirdparties\pdsc\STMicroelectronics.X-CUBE-BLEMGR.4.0.0.pdsc: PDSC version is not supported
2026-08-10 08:07:47,751 [ERROR] Engine:500 - C:\Users\Alunos\.stm32cubemx\thirdparties\pdsc\STMicroelectronics.X-CUBE-ST60.1.1.0.pdsc: PDSC version is not supported
2026-08-10 08:07:47,751 [ERROR] Engine:500 - C:\Users\Alunos\.stm32cubemx\thirdparties\pdsc\emotas.I-CUBE-CANOPEN.1.3.0.pdsc: PDSC version is not supported
2026-08-10 08:07:47,766 [ERROR] Engine:500 - C:\Users\Alunos\.stm32cubemx\thirdparties\pdsc\STMicroelectronics.X-CUBE-WBA.1.1.0.pdsc: PDSC version is not supported
2026-08-10 08:07:47,798 [ERROR] Engine:500 - C:\Users\Alunos\.stm32cubemx\thirdparties\pdsc\STMicroelectronics.FP-SNS-STBOX1.2.1.0.pdsc: PDSC version is not supported
2026-08-10 08:07:47,798 [ERROR] Engine:500 - C:\Users\Alunos\.stm32cubemx\thirdparties\pdsc\STMicroelectronics.FP-SNS-SMARTAG2.1.2.0.pdsc: PDSC version is not supported
2026-08-10 08:07:47,813 [ERROR] Engine:500 - C:\Users\Alunos\.stm32cubemx\thirdparties\pdsc\STMicroelectronics.FP-SNS-FLIGHT1.5.1.0.pdsc: PDSC version is not supported
2026-08-10 08:07:47,985 [INFO] LogOutputStream:76 - [STDOUT_REDIRECT] 1 : Invalid condition id : UX_CORESTACK_Condition cause : null
2026-08-10 08:07:47,985 [INFO] LogOutputStream:76 - [STDOUT_REDIRECT] 1 : Invalid condition id : UX_CORESTACK_Condition cause : null
2026-08-10 08:07:47,985 [INFO] LogOutputStream:76 - [STDOUT_REDIRECT] 1 : Invalid condition id : UX_CORESTACK_Condition cause : null
2026-08-10 08:07:47,985 [INFO] LogOutputStream:76 - [STDOUT_REDIRECT] 1 : Invalid condition id : UX_CORESTACK_Condition cause : null
2026-08-10 08:07:47,985 [INFO] LogOutputStream:76 - [STDOUT_REDIRECT] 1 : Invalid condition id : UX_CORESTACK_Condition cause : null
2026-08-10 08:07:48,016 [ERROR] Engine:500 - C:\Users\Alunos\.stm32cubemx\thirdparties\pdsc\STMicroelectronics.FP-SNS-MOTENV1.5.0.0.pdsc: PDSC version is not supported
2026-08-10 08:07:48,094 [ERROR] Engine:500 - C:\Users\Alunos\.stm32cubemx\thirdparties\pdsc\Avnet-IOTCONNECT.X-CUBE-iotc-st67-sdk.1.0.0.pdsc: PDSC version is not supported
2026-08-10 08:07:48,141 [ERROR] Engine:500 - C:\Users\Alunos\.stm32cubemx\thirdparties\pdsc\STMicroelectronics.X-CUBE-FREERTOS.1.4.0.pdsc: PDSC version is not supported
2026-08-10 08:07:48,172 [ERROR] Engine:500 - C:\Users\Alunos\.stm32cubemx\thirdparties\pdsc\STMicroelectronics.X-CUBE-ST67W61.1.1.0.pdsc: PDSC version is not supported
2026-08-10 08:07:48,188 [ERROR] Engine:500 - C:\Users\Alunos\.stm32cubemx\thirdparties\pdsc\STMicroelectronics.FP-SNS-STAIOTCFT.1.1.0.pdsc: PDSC version is not supported
2026-08-10 08:07:48,406 [ERROR] Engine:500 - C:\Users\Alunos\.stm32cubemx\thirdparties\pdsc\EmbeddedOffice.I-CUBE-FS-RTOS.1.0.1.pdsc: PDSC version is not supported
2026-08-10 08:07:48,428 [ERROR] Engine:500 - C:\Users\Alunos\.stm32cubemx\thirdparties\pdsc\STMicroelectronics.X-CUBE-TCPP.4.2.0.pdsc: PDSC version is not supported
2026-08-10 08:07:48,438 [ERROR] Engine:500 - C:\Users\Alunos\.stm32cubemx\thirdparties\pdsc\RealThread.X-CUBE-RT-Thread_Nano.4.1.1.pdsc: PDSC version is not supported
2026-08-10 08:07:48,458 [ERROR] Engine:500 - C:\Users\Alunos\.stm32cubemx\thirdparties\pdsc\quantropi.X-CUBE-qispace-sdk-base.1.9.3.pdsc: PDSC version is not supported
2026-08-10 08:07:48,479 [ERROR] Engine:500 - C:\Users\Alunos\.stm32cubemx\thirdparties\pdsc\STMicroelectronics.X-CUBE-FREERTOS.1.5.0.pdsc: PDSC version is not supported
2026-08-10 08:07:48,489 [ERROR] Engine:500 - C:\Users\Alunos\.stm32cubemx\thirdparties\pdsc\ITTIA_DB.I-CUBE-ITTIADB.8.9.0.pdsc: PDSC version is not supported
2026-08-10 08:07:48,517 [ERROR] Engine:500 - C:\Users\Alunos\.stm32cubemx\thirdparties\pdsc\STMicroelectronics.X-CUBE-ST67W61.1.0.0.pdsc: PDSC version is not supported
2026-08-10 08:07:48,850 [ERROR] Engine:500 - C:\Users\Alunos\.stm32cubemx\thirdparties\pdsc\Avnet-IotConnect.X-CUBE-IoTC-DA16k-PMOD.1.0.0.pdsc: PDSC version is not supported
2026-08-10 08:07:48,872 [ERROR] Engine:500 - C:\Users\Alunos\.stm32cubemx\thirdparties\pdsc\STMicroelectronics.X-CUBE-IPS.3.2.0.pdsc: PDSC version is not supported
2026-08-10 08:07:48,886 [ERROR] Engine:500 - C:\Users\Alunos\.stm32cubemx\thirdparties\pdsc\STMicroelectronics.eDS-WB_DPC_TT-BIDIR.2.1.1.pdsc: PDSC version is not supported
2026-08-10 08:07:48,956 [ERROR] Engine:500 - C:\Users\Alunos\.stm32cubemx\thirdparties\pdsc\STMicroelectronics.X-CUBE-DPower.1.2.0.pdsc: PDSC version is not supported
2026-08-10 08:07:48,966 [ERROR] Engine:500 - C:\Users\Alunos\.stm32cubemx\thirdparties\pdsc\STMicroelectronics.eDS-WB_DPC_VIENNA.1.2.0.pdsc: PDSC version is not supported
2026-08-10 08:07:49,031 [ERROR] Engine:500 - C:\Users\Alunos\.stm32cubemx\thirdparties\pdsc\STMicroelectronics.eDS-WB_DPC_3PH2L-BIDIR.1.1.1.pdsc: PDSC version is not supported
2026-08-10 08:07:49,036 [ERROR] Engine:500 - C:\Users\Alunos\.stm32cubemx\thirdparties\pdsc\STMicroelectronics.X-CUBE-ST67W61.1.3.0.pdsc: PDSC version is not supported
2026-08-10 08:07:49,046 [ERROR] Engine:500 - C:\Users\Alunos\.stm32cubemx\thirdparties\pdsc\STMicroelectronics.X-CUBE-FREERTOS.1.3.1.pdsc: PDSC version is not supported
2026-08-10 08:07:49,055 [ERROR] Engine:500 - C:\Users\Alunos\.stm32cubemx\thirdparties\pdsc\STMicroelectronics.X-CUBE-FREERTOS.1.3.0.pdsc: PDSC version is not supported
2026-08-10 08:07:49,086 [ERROR] Engine:500 - C:\Users\Alunos\.stm32cubemx\thirdparties\pdsc\STMicroelectronics.FP-SNS-STAIOTCFT.1.0.0.pdsc: PDSC version is not supported
2026-08-10 08:07:49,093 [ERROR] Engine:500 - C:\Users\Alunos\.stm32cubemx\thirdparties\pdsc\STMicroelectronics.X-CUBE-DPower.1.3.0.pdsc: PDSC version is not supported
2026-08-10 08:07:49,123 [WARN] ConditionMgr:437 - getConditionDescription Invalid condition id : LAN8742 Phy interface Condition cause : null
2026-08-10 08:07:49,123 [WARN] ConditionMgr:1040 - genDependencies : Invalid condition id : LAN8742 Phy interface Condition cause : null
2026-08-10 08:07:49,123 [WARN] ConditionMgr:1040 - genDependencies : Invalid condition id : LAN8742 Phy interface Condition cause : null
2026-08-10 08:07:49,123 [WARN] ConditionMgr:1040 - genDependencies : Invalid condition id : LAN8742 Phy interface Condition cause : null
2026-08-10 08:07:49,151 [ERROR] Engine:500 - C:\Users\Alunos\.stm32cubemx\thirdparties\pdsc\STMicroelectronics.X-CUBE-ST67W61.1.2.0.pdsc: PDSC version is not supported
2026-08-10 08:07:49,176 [ERROR] Engine:500 - C:\Users\Alunos\.stm32cubemx\thirdparties\pdsc\STMicroelectronics.X-CUBE-BLEMGR.4.1.0.pdsc: PDSC version is not supported
2026-08-10 08:07:49,186 [WARN] ConditionMgr:437 - getConditionDescription Invalid condition id : UX DEVICE CLASS RTOS Condition cause : null
2026-08-10 08:07:49,186 [WARN] ConditionMgr:437 - getConditionDescription Invalid condition id : UX DEVICE CLASS RTOS Condition cause : null
2026-08-10 08:07:49,186 [WARN] ConditionMgr:1040 - genDependencies : Invalid condition id : UX DEVICE CLASS RTOS Condition cause : null
2026-08-10 08:07:49,186 [WARN] ConditionMgr:1040 - genDependencies : Invalid condition id : UX DEVICE CLASS RTOS Condition cause : null
2026-08-10 08:07:49,186 [WARN] ConditionMgr:1040 - genDependencies : Invalid condition id : UX DEVICE CLASS RTOS Condition cause : null
2026-08-10 08:07:49,186 [WARN] ConditionMgr:1040 - genDependencies : Invalid condition id : UX DEVICE CLASS RTOS Condition cause : null
2026-08-10 08:07:49,186 [WARN] ConditionMgr:1040 - genDependencies : Invalid condition id : UX DEVICE CLASS RTOS Condition cause : null
2026-08-10 08:07:49,221 [ERROR] Engine:500 - C:\Users\Alunos\.stm32cubemx\thirdparties\pdsc\STMicroelectronics.FP-SNS-STBOX1.2.0.0.pdsc: PDSC version is not supported
2026-08-10 08:07:49,316 [ERROR] Engine:500 - C:\Users\Alunos\.stm32cubemx\thirdparties\pdsc\Cesanta.I-CUBE-Mongoose.7.13.0.pdsc: PDSC version is not supported
2026-08-10 08:07:49,376 [ERROR] Engine:500 - C:\Users\Alunos\.stm32cubemx\thirdparties\pdsc\STMicroelectronics.X-CUBE-IPS.3.1.0.pdsc: PDSC version is not supported
2026-08-10 08:07:49,391 [ERROR] Engine:500 - C:\Users\Alunos\.stm32cubemx\thirdparties\pdsc\STMicroelectronics.X-CUBE-BLEMGR.4.2.0.pdsc: PDSC version is not supported
2026-08-10 08:07:49,401 [ERROR] Engine:500 - C:\Users\Alunos\.stm32cubemx\thirdparties\pdsc\STMicroelectronics.X-CUBE-ALS.1.0.2.pdsc: PDSC version is not supported
2026-08-10 08:07:49,461 [ERROR] Engine:500 - C:\Users\Alunos\.stm32cubemx\thirdparties\pdsc\STMicroelectronics.X-CUBE-TOF1.3.4.2.pdsc: PDSC version is not supported
2026-08-10 08:07:49,471 [ERROR] Engine:500 - C:\Users\Alunos\.stm32cubemx\thirdparties\pdsc\STMicroelectronics.X-CUBE-TOF1.3.4.3.pdsc: PDSC version is not supported
2026-08-10 08:07:49,471 [INFO] ThirdParty:887 - Integrity check success = true
2026-08-10 08:07:49,471 [INFO] IntegrityCheckThread:75 - exiting critical section [integrity check]
2026-08-10 08:07:49,471 [INFO] IntegrityCheckThread:78 - End integrity checks thread
2026-08-10 08:07:50,186 [WARN] ApiManager:294 - Cannot register API 'Board Extension:PM33A1' from pack STMicroelectronics.X-CUBE-PM33A1.1.0.0: no header file found
2026-08-10 08:07:50,186 [WARN] ApiManager:294 - Cannot register API 'Board Extension:NFC09A1' from pack STMicroelectronics.X-CUBE-NFC9.1.0.0: no header file found
2026-08-10 08:07:50,196 [WARN] ApiManager:294 - Cannot register API 'Wireless:BlueNRG-MS' from pack STMicroelectronics.X-CUBE-BLE1.7.1.0: no header file found
2026-08-10 08:07:50,196 [WARN] ApiManager:294 - Cannot register API 'Wireless:STM32WB05N' from pack STMicroelectronics.X-CUBE-WB05N.1.1.0: no header file found
2026-08-10 08:07:50,196 [WARN] ApiManager:294 - Cannot register API 'Board Extension:EEPRMA2' from pack STMicroelectronics.X-CUBE-EEPRMA1.5.2.0: no header file found
2026-08-10 08:07:50,196 [WARN] ApiManager:294 - Cannot register API 'Board Extension:PGEEZ1' from pack STMicroelectronics.X-CUBE-EEPRMA1.5.2.0: no header file found
2026-08-10 08:07:50,196 [WARN] ApiManager:294 - Cannot register API 'Board Extension:EEICA1' from pack STMicroelectronics.X-CUBE-EEPRMA1.5.2.0: no header file found
2026-08-10 08:07:50,196 [WARN] ApiManager:294 - Cannot register API 'Board Part:M24' from pack STMicroelectronics.X-CUBE-EEPRMA1.5.2.0: no header file found
2026-08-10 08:07:50,196 [WARN] ApiManager:294 - Cannot register API 'Board Part:M95' from pack STMicroelectronics.X-CUBE-EEPRMA1.5.2.0: no header file found
2026-08-10 08:07:50,196 [WARN] ApiManager:294 - Cannot register API 'Board Part:M95P32' from pack STMicroelectronics.X-CUBE-EEPRMA1.5.2.0: no header file found
2026-08-10 08:07:50,196 [WARN] ApiManager:294 - Cannot register API 'Board Part:M24256E-F' from pack STMicroelectronics.X-CUBE-EEPRMA1.5.2.0: no header file found
2026-08-10 08:07:50,196 [WARN] ApiManager:294 - Cannot register API 'Board Part:M24M01E-F' from pack STMicroelectronics.X-CUBE-EEPRMA1.5.2.0: no header file found
2026-08-10 08:07:50,196 [WARN] ApiManager:294 - Cannot register API 'PGEEZ1:SPI' from pack STMicroelectronics.X-CUBE-EEPRMA1.5.2.0: no header file found
2026-08-10 08:07:50,196 [WARN] ApiManager:294 - Cannot register API 'PGEEZ1:QDSPI' from pack STMicroelectronics.X-CUBE-EEPRMA1.5.2.0: no header file found
2026-08-10 08:07:50,196 [WARN] ApiManager:294 - Cannot register API 'Board Extension:GNSS1A1' from pack STMicroelectronics.X-CUBE-GNSS1.7.0.1: no header file found
2026-08-10 08:07:50,196 [WARN] ApiManager:294 - Cannot register API 'Board Support:Custom' from pack STMicroelectronics.X-CUBE-GNSS1.7.0.1: no header file found
2026-08-10 08:07:50,196 [WARN] ApiManager:294 - Cannot register API 'Data Exchange:lib_gnss' from pack STMicroelectronics.X-CUBE-GNSS1.7.0.1: no header file found
2026-08-10 08:07:50,196 [WARN] ApiManager:294 - Cannot register API 'Board Extension:NFC12A1' from pack STMicroelectronics.X-CUBE-NFC12.1.0.0: no header file found
2026-08-10 08:07:50,206 [WARN] ApiManager:294 - Cannot register API 'Board Extension:NFC06A1' from pack STMicroelectronics.X-CUBE-NFC6.3.1.0: no header file found
2026-08-10 08:07:50,206 [WARN] ApiManager:294 - Cannot register API 'Board Extension:NFC08A1' from pack STMicroelectronics.X-CUBE-NFC6.3.1.0: no header file found
2026-08-10 08:07:50,231 [WARN] ApiManager:294 - Cannot register API 'Board Extension:IKS02A1' from pack STMicroelectronics.X-CUBE-MEMS1.12.0.0: no header file found
2026-08-10 08:07:50,231 [WARN] ApiManager:294 - Cannot register API 'Board Extension:IKS4A1' from pack STMicroelectronics.X-CUBE-MEMS1.12.0.0: no header file found
2026-08-10 08:07:50,231 [WARN] ApiManager:294 - Cannot register API 'Board Extension:IKS5A1' from pack STMicroelectronics.X-CUBE-MEMS1.12.0.0: no header file found
2026-08-10 08:07:50,236 [WARN] ApiManager:294 - Cannot register API 'Board Extension:SAFEA1' from pack STMicroelectronics.X-CUBE-STSE01.2.0.0: no header file found
2026-08-10 08:07:50,236 [WARN] ApiManager:294 - Cannot register API 'Board Extension:ESE01A1' from pack STMicroelectronics.X-CUBE-STSE01.2.0.0: no header file found
2026-08-10 08:07:50,236 [WARN] ApiManager:294 - Cannot register API 'Board Extension:ESE02A1' from pack STMicroelectronics.X-CUBE-STSE01.2.0.0: no header file found
2026-08-10 08:07:50,236 [WARN] ApiManager:294 - Cannot register API 'Board Part:STSAFEA110' from pack STMicroelectronics.X-CUBE-STSE01.2.0.0: no header file found
2026-08-10 08:07:50,236 [WARN] ApiManager:294 - Cannot register API 'Board Part:STSAFEA120' from pack STMicroelectronics.X-CUBE-STSE01.2.0.0: no header file found
2026-08-10 08:07:50,236 [WARN] ApiManager:294 - Cannot register API 'Board Part:STSAFEL010' from pack STMicroelectronics.X-CUBE-STSE01.2.0.0: no header file found
2026-08-10 08:07:50,236 [WARN] ApiManager:294 - Cannot register API 'Security:STM32_Cryptographic' from pack STMicroelectronics.X-CUBE-STSE01.2.0.0: no header file found
2026-08-10 08:07:50,241 [WARN] ApiManager:294 - Cannot register API 'Security:STSELib' from pack STMicroelectronics.X-CUBE-STSE01.2.0.0: no header file found
2026-08-10 08:07:50,261 [WARN] ApiManager:294 - Cannot register API 'Board Extension:IKS01A3' from pack STMicroelectronics.X-CUBE-MEMS1.11.2.0: no header file found
2026-08-10 08:07:50,261 [WARN] ApiManager:294 - Cannot register API 'Board Extension:IKS02A1' from pack STMicroelectronics.X-CUBE-MEMS1.11.2.0: no header file found
2026-08-10 08:07:50,261 [WARN] ApiManager:294 - Cannot register API 'Board Extension:IKS4A1' from pack STMicroelectronics.X-CUBE-MEMS1.11.2.0: no header file found
2026-08-10 08:07:50,266 [INFO] RtosManager:464 - Registered RTOS mode: class=CMSIS, group=RTOS, mode=CMSIS_V1, owner=FREERTOS
2026-08-10 08:07:50,266 [INFO] RtosManager:464 - Registered RTOS mode: class=CMSIS, group=RTOS2, mode=CMSIS_V2, owner=FREERTOS
2026-08-10 08:07:50,266 [INFO] RtosManager:464 - Registered RTOS mode: class=RTOS, group=Core, mode=CMSIS_V1, owner=FREERTOS
2026-08-10 08:07:50,266 [INFO] RtosManager:464 - Registered RTOS mode: class=RTOS, group=Core, mode=CMSIS_V2, owner=FREERTOS
2026-08-10 08:07:50,266 [WARN] ModelIntegratedComponent:182 - Missing modes for component STMicroelectronics:FreeRTOS:0.0.1:STMicroelectronics:RTOS:FreeRTOS:Core:::10.2.0:
2026-08-10 08:07:50,271 [WARN] ApiManager:294 - Cannot register API 'Board Extension:STSAFEA1' from pack STMicroelectronics.X-CUBE-SAFEA1.1.2.2: no header file found
2026-08-10 08:07:50,271 [WARN] ApiManager:294 - Cannot register API 'Board Part:STSAFEA110' from pack STMicroelectronics.X-CUBE-SAFEA1.1.2.2: no header file found
2026-08-10 08:07:50,271 [WARN] ApiManager:294 - Cannot register API 'Security:ST_Cryptolib' from pack STMicroelectronics.X-CUBE-SAFEA1.1.2.2: no header file found
2026-08-10 08:07:50,271 [WARN] ApiManager:294 - Cannot register API 'Security:MbedTLS' from pack STMicroelectronics.X-CUBE-SAFEA1.1.2.2: no header file found
2026-08-10 08:07:50,271 [WARN] ApiManager:294 - Cannot register API 'Board Extension:NFC04A1' from pack STMicroelectronics.X-CUBE-NFC4.3.0.0: no header file found
2026-08-10 08:07:50,271 [WARN] ApiManager:294 - Cannot register API 'Board Extension:S2868A1' from pack STMicroelectronics.X-CUBE-SUBG2.5.0.0: no header file found
2026-08-10 08:07:50,271 [WARN] ApiManager:294 - Cannot register API 'Board Extension:S2868A2' from pack STMicroelectronics.X-CUBE-SUBG2.5.0.0: no header file found
2026-08-10 08:07:50,271 [WARN] ApiManager:294 - Cannot register API 'Board Extension:S2915A1' from pack STMicroelectronics.X-CUBE-SUBG2.5.0.0: no header file found
2026-08-10 08:07:50,286 [WARN] ApiManager:294 - Cannot register API 'Board Extension:IKS02A1' from pack STMicroelectronics.X-CUBE-MEMS1.13.0.0: no header file found
2026-08-10 08:07:50,286 [WARN] ApiManager:294 - Cannot register API 'Board Extension:IKS4A1' from pack STMicroelectronics.X-CUBE-MEMS1.13.0.0: no header file found
2026-08-10 08:07:50,286 [WARN] ApiManager:294 - Cannot register API 'Board Extension:IKS5A1' from pack STMicroelectronics.X-CUBE-MEMS1.13.0.0: no header file found
2026-08-10 08:07:50,291 [WARN] ApiManager:294 - Cannot register API 'Wireless:STM32WB05N' from pack STMicroelectronics.X-CUBE-WB05N.2.0.0: no header file found
2026-08-10 08:07:50,291 [WARN] ApiManager:294 - Cannot register API 'Board Extension:NFC07A1' from pack STMicroelectronics.X-CUBE-NFC7.2.0.0: no header file found
2026-08-10 08:07:50,291 [WARN] ApiManager:294 - Cannot register API 'Board Extension:GNSS1A1' from pack STMicroelectronics.X-CUBE-GNSS1.7.1.1: no header file found
2026-08-10 08:07:50,291 [WARN] ApiManager:294 - Cannot register API 'Board Support:Custom' from pack STMicroelectronics.X-CUBE-GNSS1.7.1.1: no header file found
2026-08-10 08:07:50,291 [WARN] ApiManager:294 - Cannot register API 'Data Exchange:lib_gnss' from pack STMicroelectronics.X-CUBE-GNSS1.7.1.1: no header file found
2026-08-10 08:07:50,291 [WARN] ApiManager:294 - Cannot register API 'Wireless:BlueNRG-MS' from pack STMicroelectronics.X-CUBE-BLE1.7.0.0: no header file found
2026-08-10 08:07:50,291 [WARN] ApiManager:294 - Cannot register API 'Board Extension:NFC10A1' from pack STMicroelectronics.X-CUBE-NFC10.1.0.0: no header file found
2026-08-10 08:07:50,291 [WARN] ApiManager:294 - Cannot register API 'Board Extension:EEPRMA2' from pack STMicroelectronics.X-CUBE-EEPRMA1.5.1.0: no header file found
2026-08-10 08:07:50,291 [WARN] ApiManager:294 - Cannot register API 'Board Extension:PGEEZ1' from pack STMicroelectronics.X-CUBE-EEPRMA1.5.1.0: no header file found
2026-08-10 08:07:50,291 [WARN] ApiManager:294 - Cannot register API 'Board Extension:EEICA1' from pack STMicroelectronics.X-CUBE-EEPRMA1.5.1.0: no header file found
2026-08-10 08:07:50,291 [WARN] ApiManager:294 - Cannot register API 'Board Part:M24' from pack STMicroelectronics.X-CUBE-EEPRMA1.5.1.0: no header file found
2026-08-10 08:07:50,291 [WARN] ApiManager:294 - Cannot register API 'Board Part:M95' from pack STMicroelectronics.X-CUBE-EEPRMA1.5.1.0: no header file found
2026-08-10 08:07:50,291 [WARN] ApiManager:294 - Cannot register API 'Board Part:M95P32' from pack STMicroelectronics.X-CUBE-EEPRMA1.5.1.0: no header file found
2026-08-10 08:07:50,291 [WARN] ApiManager:294 - Cannot register API 'Board Part:M24256E-F' from pack STMicroelectronics.X-CUBE-EEPRMA1.5.1.0: no header file found
2026-08-10 08:07:50,296 [WARN] ApiManager:294 - Cannot register API 'Board Part:M24M01E-F' from pack STMicroelectronics.X-CUBE-EEPRMA1.5.1.0: no header file found
2026-08-10 08:07:50,296 [WARN] ApiManager:294 - Cannot register API 'PGEEZ1:SPI' from pack STMicroelectronics.X-CUBE-EEPRMA1.5.1.0: no header file found
2026-08-10 08:07:50,296 [WARN] ApiManager:294 - Cannot register API 'PGEEZ1:QDSPI' from pack STMicroelectronics.X-CUBE-EEPRMA1.5.1.0: no header file found
2026-08-10 08:07:50,296 [WARN] ModelIntegratedComponent:51 - No mode defined for component null
2026-08-10 08:07:50,296 [WARN] ModelIntegratedComponent:51 - No mode defined for component null
2026-08-10 08:07:50,296 [WARN] ModelIntegratedComponent:51 - No mode defined for component null
2026-08-10 08:07:50,296 [WARN] ModelIntegratedComponent:51 - No mode defined for component null
2026-08-10 08:07:50,296 [WARN] ModelIntegratedComponent:51 - No mode defined for component null
2026-08-10 08:07:50,296 [WARN] ModelIntegratedComponent:51 - No mode defined for component null
2026-08-10 08:07:50,296 [WARN] ModelIntegratedComponent:51 - No mode defined for component null
2026-08-10 08:07:50,296 [WARN] ModelIntegratedComponent:51 - No mode defined for component null
2026-08-10 08:07:50,296 [WARN] ModelIntegratedComponent:51 - No mode defined for component null
2026-08-10 08:07:50,296 [WARN] ModelIntegratedComponent:51 - No mode defined for component null
2026-08-10 08:07:50,296 [WARN] ModelIntegratedComponent:51 - No mode defined for component null
2026-08-10 08:07:50,296 [WARN] ModelIntegratedComponent:51 - No mode defined for component null
2026-08-10 08:07:50,296 [WARN] ModelIntegratedComponent:51 - No mode defined for component null
2026-08-10 08:07:50,296 [WARN] ModelIntegratedComponent:51 - No mode defined for component null
2026-08-10 08:07:50,296 [WARN] ModelIntegratedComponent:51 - No mode defined for component null
2026-08-10 08:07:50,296 [WARN] ModelIntegratedComponent:51 - No mode defined for component null
2026-08-10 08:07:50,296 [WARN] ModelIntegratedComponent:51 - No mode defined for component null
2026-08-10 08:07:50,296 [WARN] ModelIntegratedComponent:51 - No mode defined for component null
2026-08-10 08:07:50,296 [WARN] ModelIntegratedComponent:51 - No mode defined for component null
2026-08-10 08:07:50,296 [WARN] ModelIntegratedComponent:51 - No mode defined for component null
2026-08-10 08:07:50,296 [WARN] ModelIntegratedComponent:51 - No mode defined for component null
2026-08-10 08:07:50,296 [WARN] ModelIntegratedComponent:51 - No mode defined for component null
2026-08-10 08:07:50,296 [WARN] ModelIntegratedComponent:51 - No mode defined for component null
2026-08-10 08:07:50,296 [WARN] ModelIntegratedComponent:51 - No mode defined for component null
2026-08-10 08:07:50,296 [WARN] ModelIntegratedComponent:51 - No mode defined for component null
2026-08-10 08:07:50,296 [WARN] ModelIntegratedComponent:51 - No mode defined for component null
2026-08-10 08:07:50,296 [WARN] ModelIntegratedComponent:51 - No mode defined for component null
2026-08-10 08:07:50,296 [WARN] ModelIntegratedComponent:51 - No mode defined for component null
2026-08-10 08:07:50,296 [WARN] ModelIntegratedComponent:51 - No mode defined for component null
2026-08-10 08:07:50,296 [WARN] ModelIntegratedComponent:51 - No mode defined for component null
2026-08-10 08:07:50,296 [WARN] ModelIntegratedComponent:51 - No mode defined for component null
2026-08-10 08:07:50,296 [WARN] ModelIntegratedComponent:51 - No mode defined for component null
2026-08-10 08:07:50,296 [WARN] ModelIntegratedComponent:51 - No mode defined for component null
2026-08-10 08:07:50,296 [WARN] ModelIntegratedComponent:51 - No mode defined for component null
2026-08-10 08:07:50,296 [WARN] ModelIntegratedComponent:51 - No mode defined for component null
2026-08-10 08:07:50,296 [WARN] ModelIntegratedComponent:51 - No mode defined for component null
2026-08-10 08:07:50,296 [WARN] ModelIntegratedComponent:51 - No mode defined for component null
2026-08-10 08:07:50,296 [WARN] ModelIntegratedComponent:51 - No mode defined for component null
2026-08-10 08:07:50,296 [WARN] ApiManager:294 - Cannot register API 'Board Extension:NFC07A1' from pack STMicroelectronics.X-CUBE-NFC7.1.0.1: no header file found
2026-08-10 08:07:50,301 [WARN] ApiManager:294 - Cannot register API 'Board Extension:GNSS1A1' from pack STMicroelectronics.X-CUBE-GNSS1.7.1.0: no header file found
2026-08-10 08:07:50,301 [WARN] ApiManager:294 - Cannot register API 'Board Support:Custom' from pack STMicroelectronics.X-CUBE-GNSS1.7.1.0: no header file found
2026-08-10 08:07:50,301 [WARN] ApiManager:294 - Cannot register API 'Data Exchange:lib_gnss' from pack STMicroelectronics.X-CUBE-GNSS1.7.1.0: no header file found
2026-08-10 08:07:50,301 [WARN] ApiManager:294 - Cannot register API 'Board Extension:SAFEA1' from pack STMicroelectronics.X-CUBE-STSE01.1.0.0: no header file found
2026-08-10 08:07:50,301 [WARN] ApiManager:294 - Cannot register API 'Board Extension:ESE01A1' from pack STMicroelectronics.X-CUBE-STSE01.1.0.0: no header file found
2026-08-10 08:07:50,301 [WARN] ApiManager:294 - Cannot register API 'Board Part:STSAFEA110' from pack STMicroelectronics.X-CUBE-STSE01.1.0.0: no header file found
2026-08-10 08:07:50,301 [WARN] ApiManager:294 - Cannot register API 'Board Part:STSAFEA120' from pack STMicroelectronics.X-CUBE-STSE01.1.0.0: no header file found
2026-08-10 08:07:50,301 [WARN] ApiManager:294 - Cannot register API 'Security:STM32_Cryptographic' from pack STMicroelectronics.X-CUBE-STSE01.1.0.0: no header file found
2026-08-10 08:07:50,301 [WARN] ApiManager:294 - Cannot register API 'Security:STSELib' from pack STMicroelectronics.X-CUBE-STSE01.1.0.0: no header file found
2026-08-10 08:07:50,301 [WARN] ApiManager:294 - Cannot register API 'Board Extension:NFC06A1' from pack STMicroelectronics.X-CUBE-NFC6.3.2.0: no header file found
2026-08-10 08:07:50,301 [WARN] ApiManager:294 - Cannot register API 'Board Extension:NFC08A1' from pack STMicroelectronics.X-CUBE-NFC6.3.2.0: no header file found
2026-08-10 08:07:50,366 [WARN] ApiManager:294 - Cannot register API 'Board Extension:IKS02A1' from pack STMicroelectronics.X-CUBE-MEMS1.12.1.0: no header file found
2026-08-10 08:07:50,366 [WARN] ApiManager:294 - Cannot register API 'Board Extension:IKS4A1' from pack STMicroelectronics.X-CUBE-MEMS1.12.1.0: no header file found
2026-08-10 08:07:50,366 [WARN] ApiManager:294 - Cannot register API 'Board Extension:IKS5A1' from pack STMicroelectronics.X-CUBE-MEMS1.12.1.0: no header file found
2026-08-10 08:07:50,396 [WARN] ApiManager:294 - Cannot register API 'Board Extension:IKS01A3' from pack STMicroelectronics.X-CUBE-MEMS1.11.1.0: no header file found
2026-08-10 08:07:50,396 [WARN] ApiManager:294 - Cannot register API 'Board Extension:IKS02A1' from pack STMicroelectronics.X-CUBE-MEMS1.11.1.0: no header file found
2026-08-10 08:07:50,396 [WARN] ApiManager:294 - Cannot register API 'Board Extension:IKS4A1' from pack STMicroelectronics.X-CUBE-MEMS1.11.1.0: no header file found
2026-08-10 08:07:50,426 [WARN] ApiManager:294 - Cannot register API 'Board Extension:IKS01A3' from pack STMicroelectronics.X-CUBE-MEMS1.11.3.0: no header file found
2026-08-10 08:07:50,426 [WARN] ApiManager:294 - Cannot register API 'Board Extension:IKS02A1' from pack STMicroelectronics.X-CUBE-MEMS1.11.3.0: no header file found
2026-08-10 08:07:50,426 [WARN] ApiManager:294 - Cannot register API 'Board Extension:IKS4A1' from pack STMicroelectronics.X-CUBE-MEMS1.11.3.0: no header file found
2026-08-10 08:07:50,431 [WARN] ApiManager:294 - Cannot register API 'Board Extension:S2868A1' from pack STMicroelectronics.X-CUBE-SFXS2LP1.4.0.0: no header file found
2026-08-10 08:07:50,431 [WARN] ApiManager:294 - Cannot register API 'Board Extension:S2868A2' from pack STMicroelectronics.X-CUBE-SFXS2LP1.4.0.0: no header file found
2026-08-10 08:07:50,431 [WARN] ApiManager:294 - Cannot register API 'Board Extension:S2915A1' from pack STMicroelectronics.X-CUBE-SFXS2LP1.4.0.0: no header file found
2026-08-10 08:07:50,431 [WARN] ApiManager:294 - Cannot register API 'Wireless:BlueNRG-2' from pack STMicroelectronics.X-CUBE-BLE2.3.3.0: no header file found
2026-08-10 08:07:50,431 [WARN] ApiManager:294 - Cannot register API 'Board Extension:NFC13A1' from pack STMicroelectronics.X-CUBE-NFC13.1.0.0: no header file found
2026-08-10 08:07:50,431 [WARN] ApiManager:294 - Cannot register API 'Wireless:STM32WB05N' from pack STMicroelectronics.X-CUBE-WB05N.2.1.0: no header file found
2026-08-10 08:07:52,271 [INFO] UtilMem:74 - End LoadConfig() Used Memory: 328234896 Bytes (783286272)
2026-08-10 08:07:52,271 [INFO] DbMcusXml:97 - Load MCU database from C:\ST\STM32CubeIDE_1.5.1\STM32CubeIDE\plugins\com.st.stm32cube.common.mx_6.1.1.202012091304\\db\/mcu/families.xml
2026-08-10 08:07:52,552 [INFO] DbMcusJson:92 - JSON generation date=Tue Nov 16 13:17:54 BRT 2021 (1637079474)
2026-08-10 08:07:52,944 [INFO] DbMcus:176 - Found 1835 MCUs (1796 are supported by CubeMX, 1920 are visible in CubeMX)
2026-08-10 08:07:52,960 [INFO] ApiDb:238 - Load user favorites file C:\Users\Alunos/.stm32cubeide/favorites.mcus.txt: 1 item(s)
2026-08-10 08:07:52,960 [INFO] ApiDb:242 - User favorites MCUs=[STM32F103C8Tx]
2026-08-10 08:07:52,960 [INFO] DbMcus:188 - Set 1 / 1 favorites MCUs
2026-08-10 08:07:52,960 [WARN] ThirdParty:749 - waiting for thirdparty lock release [change project]
2026-08-10 08:07:52,960 [INFO] ThirdParty:751 - entering critical section [change project]
2026-08-10 08:07:52,960 [INFO] ThirdParty:939 - CMSIS Pack Vendor :STMicroelectronics X-CUBE-AZRTOS-H7 3.5.0
2026-08-10 08:07:52,960 [INFO] ThirdParty:939 - CMSIS Pack Vendor :STMicroelectronics X-CUBE-PM33A1 1.0.0
2026-08-10 08:07:52,960 [INFO] ThirdParty:939 - CMSIS Pack Vendor :STMicroelectronics X-CUBE-AZRTOS-H7 3.3.0
2026-08-10 08:07:52,960 [INFO] ThirdParty:939 - CMSIS Pack Vendor :STMicroelectronics X-CUBE-NFC9 1.0.0
2026-08-10 08:07:52,960 [INFO] ThirdParty:939 - CMSIS Pack Vendor :STMicroelectronics USB_HOST 2.0.0
2026-08-10 08:07:52,960 [INFO] ThirdParty:939 - CMSIS Pack Vendor :STMicroelectronics FP-ATR-ASTRA1 2.0.3
2026-08-10 08:07:52,960 [INFO] ThirdParty:939 - CMSIS Pack Vendor :STMicroelectronics X-CUBE-AZRTOS-F4 1.1.0
2026-08-10 08:07:52,960 [INFO] ThirdParty:939 - CMSIS Pack Vendor :STMicroelectronics FP-ATR-ASTRA1 2.0.2
2026-08-10 08:07:52,960 [INFO] ThirdParty:939 - CMSIS Pack Vendor :STMicroelectronics FP-ATR-ASTRA1 2.0.1
2026-08-10 08:07:52,960 [INFO] ThirdParty:939 - CMSIS Pack Vendor :STMicroelectronics X-CUBE-BLE1 7.1.0
2026-08-10 08:07:52,960 [INFO] ThirdParty:939 - CMSIS Pack Vendor :STMicroelectronics X-CUBE-WB05N 1.1.0
2026-08-10 08:07:52,960 [INFO] ThirdParty:939 - CMSIS Pack Vendor :wolfSSL I-CUBE-wolfMQTT 1.19.2
2026-08-10 08:07:52,960 [INFO] ThirdParty:939 - CMSIS Pack Vendor :STMicroelectronics USB_DEVICE 3.0.0
2026-08-10 08:07:52,960 [INFO] ThirdParty:939 - CMSIS Pack Vendor :STMicroelectronics X-CUBE-ISPU 2.1.0
2026-08-10 08:07:52,960 [INFO] ThirdParty:939 - CMSIS Pack Vendor :STMicroelectronics X-CUBE-EEPRMA1 5.2.0
2026-08-10 08:07:52,960 [INFO] ThirdParty:939 - CMSIS Pack Vendor :STMicroelectronics X-CUBE-AZRTOS-WB 2.0.0
2026-08-10 08:07:52,960 [INFO] ThirdParty:939 - CMSIS Pack Vendor :STMicroelectronics X-CUBE-GNSS1 7.0.1
2026-08-10 08:07:52,960 [INFO] ThirdParty:939 - CMSIS Pack Vendor :STMicroelectronics X-CUBE-NFC12 1.0.0
2026-08-10 08:07:52,960 [INFO] ThirdParty:939 - CMSIS Pack Vendor :STMicroelectronics X-CUBE-AZRTOS-F7 1.1.0
2026-08-10 08:07:52,960 [INFO] ThirdParty:939 - CMSIS Pack Vendor :STMicroelectronics X-CUBE-AZRTOS-L5 2.0.0
2026-08-10 08:07:52,960 [INFO] ThirdParty:939 - CMSIS Pack Vendor :STMicroelectronics X-CUBE-TOUCHGFX 4.25.0
2026-08-10 08:07:52,960 [INFO] ThirdParty:939 - CMSIS Pack Vendor :STMicroelectronics USB_DEVICE 2.0.0
2026-08-10 08:07:52,960 [INFO] ThirdParty:939 - CMSIS Pack Vendor :STMicroelectronics X-CUBE-NFC6 3.1.0
2026-08-10 08:07:52,960 [INFO] ThirdParty:939 - CMSIS Pack Vendor :STMicroelectronics X-CUBE-AI 10.1.0
2026-08-10 08:07:52,960 [INFO] ThirdParty:939 - CMSIS Pack Vendor :STMicroelectronics X-CUBE-MEMS1 12.0.0
2026-08-10 08:07:52,960 [INFO] ThirdParty:939 - CMSIS Pack Vendor :STMicroelectronics X-CUBE-STSE01 2.0.0
2026-08-10 08:07:52,960 [INFO] ThirdParty:939 - CMSIS Pack Vendor :STMicroelectronics X-CUBE-ALGOBUILD 1.5.0
2026-08-10 08:07:52,960 [INFO] ThirdParty:939 - CMSIS Pack Vendor :STMicroelectronics X-CUBE-MEMS1 11.2.0
2026-08-10 08:07:52,960 [INFO] ThirdParty:939 - CMSIS Pack Vendor :STMicroelectronics FreeRTOS 0.0.1
2026-08-10 08:07:52,960 [INFO] ThirdParty:939 - CMSIS Pack Vendor :STMicroelectronics X-CUBE-AZRTOS-H7RS 1.3.0
2026-08-10 08:07:52,960 [INFO] ThirdParty:939 - CMSIS Pack Vendor :STMicroelectronics X-CUBE-AZRTOS-G0 1.1.0
2026-08-10 08:07:52,960 [INFO] ThirdParty:939 - CMSIS Pack Vendor :STMicroelectronics X-CUBE-SAFEA1 1.2.2
2026-08-10 08:07:52,960 [INFO] ThirdParty:939 - CMSIS Pack Vendor :STMicroelectronics X-CUBE-NFC4 3.0.0
2026-08-10 08:07:52,960 [INFO] ThirdParty:939 - CMSIS Pack Vendor :STMicroelectronics X-CUBE-SUBG2 5.0.0
2026-08-10 08:07:52,960 [INFO] ThirdParty:939 - CMSIS Pack Vendor :STMicroelectronics X-CUBE-AZRTOS-H7RS 1.1.0
2026-08-10 08:07:52,960 [INFO] ThirdParty:939 - CMSIS Pack Vendor :STMicroelectronics lwIP 2.0.3
2026-08-10 08:07:52,960 [INFO] ThirdParty:939 - CMSIS Pack Vendor :STMicroelectronics X-CUBE-MEMS1 13.0.0
2026-08-10 08:07:52,960 [INFO] ThirdParty:939 - CMSIS Pack Vendor :STMicroelectronics USB_HOST 1.0.0
2026-08-10 08:07:52,960 [INFO] ThirdParty:939 - CMSIS Pack Vendor :STMicroelectronics X-CUBE-AZRTOS-G4 2.0.0
2026-08-10 08:07:52,960 [INFO] ThirdParty:939 - CMSIS Pack Vendor :STMicroelectronics X-CUBE-WB05N 2.0.0
2026-08-10 08:07:52,960 [INFO] ThirdParty:939 - CMSIS Pack Vendor :STMicroelectronics PDM2PCM 3.1.0
2026-08-10 08:07:52,960 [INFO] ThirdParty:939 - CMSIS Pack Vendor :STMicroelectronics PDM2PCM 3.3.0
2026-08-10 08:07:52,960 [INFO] ThirdParty:939 - CMSIS Pack Vendor :wolfSSL I-CUBE-wolfTPM 3.8.0
2026-08-10 08:07:52,960 [INFO] ThirdParty:939 - CMSIS Pack Vendor :STMicroelectronics X-CUBE-AZRTOS-H7 3.4.0
2026-08-10 08:07:52,960 [INFO] ThirdParty:939 - CMSIS Pack Vendor :wolfSSL I-CUBE-wolfSSH 1.4.20
2026-08-10 08:07:52,960 [INFO] ThirdParty:939 - CMSIS Pack Vendor :STMicroelectronics X-CUBE-NFC7 2.0.0
2026-08-10 08:07:52,960 [INFO] ThirdParty:939 - CMSIS Pack Vendor :STMicroelectronics X-CUBE-GNSS1 7.1.1
2026-08-10 08:07:52,960 [INFO] ThirdParty:939 - CMSIS Pack Vendor :STMicroelectronics X-CUBE-BLE1 7.0.0
2026-08-10 08:07:52,960 [INFO] ThirdParty:939 - CMSIS Pack Vendor :STMicroelectronics FP-ATR-SIGFOX1 3.2.0
2026-08-10 08:07:52,960 [INFO] ThirdParty:939 - CMSIS Pack Vendor :STMicroelectronics X-CUBE-NFC10 1.0.0
2026-08-10 08:07:52,960 [INFO] ThirdParty:939 - CMSIS Pack Vendor :STMicroelectronics X-CUBE-EEPRMA1 5.1.0
2026-08-10 08:07:52,960 [INFO] ThirdParty:939 - CMSIS Pack Vendor :STMicroelectronics HAL Drivers 0.0.0
2026-08-10 08:07:52,960 [INFO] ThirdParty:939 - CMSIS Pack Vendor :STMicroelectronics MBEDTLS 2.16.2
2026-08-10 08:07:52,960 [INFO] ThirdParty:939 - CMSIS Pack Vendor :STMicroelectronics X-CUBE-NFC7 1.0.1
2026-08-10 08:07:52,960 [INFO] ThirdParty:939 - CMSIS Pack Vendor :STMicroelectronics MBEDTLS 2.14.1
2026-08-10 08:07:52,960 [INFO] ThirdParty:939 - CMSIS Pack Vendor :STMicroelectronics X-CUBE-GNSS1 7.1.0
2026-08-10 08:07:52,960 [INFO] ThirdParty:939 - CMSIS Pack Vendor :wolfSSL I-CUBE-wolfSSL 5.7.6
2026-08-10 08:07:52,960 [INFO] ThirdParty:939 - CMSIS Pack Vendor :STMicroelectronics X-CUBE-TOUCHGFX 4.26.0
2026-08-10 08:07:52,960 [INFO] ThirdParty:939 - CMSIS Pack Vendor :STMicroelectronics X-CUBE-TOUCHGFX 4.24.2
2026-08-10 08:07:52,960 [INFO] ThirdParty:939 - CMSIS Pack Vendor :STMicroelectronics X-CUBE-STSE01 1.0.0
2026-08-10 08:07:52,960 [INFO] ThirdParty:939 - CMSIS Pack Vendor :STMicroelectronics X-CUBE-TOUCHGFX 4.26.1
2026-08-10 08:07:52,960 [INFO] ThirdParty:939 - CMSIS Pack Vendor :portGmbH I-Cube-SoM-uGOAL 1.1.0
2026-08-10 08:07:52,960 [INFO] ThirdParty:939 - CMSIS Pack Vendor :STMicroelectronics X-CUBE-NFC6 3.2.0
2026-08-10 08:07:52,960 [INFO] ThirdParty:939 - CMSIS Pack Vendor :STMicroelectronics X-CUBE-AI 10.0.0
2026-08-10 08:07:52,960 [INFO] ThirdParty:939 - CMSIS Pack Vendor :STMicroelectronics X-CUBE-AI 10.2.1
2026-08-10 08:07:52,960 [INFO] ThirdParty:939 - CMSIS Pack Vendor :STMicroelectronics X-CUBE-AI 10.2.0
2026-08-10 08:07:52,960 [INFO] ThirdParty:939 - CMSIS Pack Vendor :STMicroelectronics X-CUBE-MEMS1 12.1.0
2026-08-10 08:07:52,960 [INFO] ThirdParty:939 - CMSIS Pack Vendor :STMicroelectronics X-CUBE-MEMS1 11.1.0
2026-08-10 08:07:52,960 [INFO] ThirdParty:939 - CMSIS Pack Vendor :STMicroelectronics X-CUBE-AZRTOS-WL 2.0.0
2026-08-10 08:07:52,960 [INFO] ThirdParty:939 - CMSIS Pack Vendor :SEGGER I-CUBE-embOS 1.3.1
2026-08-10 08:07:52,960 [INFO] ThirdParty:939 - CMSIS Pack Vendor :STMicroelectronics X-CUBE-ALGOBUILD 1.4.0
2026-08-10 08:07:52,960 [INFO] ThirdParty:939 - CMSIS Pack Vendor :STMicroelectronics X-CUBE-MEMS1 11.3.0
2026-08-10 08:07:52,960 [INFO] ThirdParty:939 - CMSIS Pack Vendor :STMicroelectronics USB_DEVICE 1.0.0
2026-08-10 08:07:52,960 [INFO] ThirdParty:939 - CMSIS Pack Vendor :STMicroelectronics X-CUBE-AZRTOS-H7RS 1.2.0
2026-08-10 08:07:52,960 [INFO] ThirdParty:939 - CMSIS Pack Vendor :STMicroelectronics X-CUBE-AZRTOS-H7RS 1.0.0
2026-08-10 08:07:52,960 [INFO] ThirdParty:939 - CMSIS Pack Vendor :STMicroelectronics X-CUBE-AZRTOS-L4 2.0.0
2026-08-10 08:07:52,960 [INFO] ThirdParty:939 - CMSIS Pack Vendor :WES I-CUBE-Cesium 1.3.0
2026-08-10 08:07:52,960 [INFO] ThirdParty:939 - CMSIS Pack Vendor :STMicroelectronics lwIP 2.1.2
2026-08-10 08:07:52,960 [INFO] ThirdParty:939 - CMSIS Pack Vendor :STMicroelectronics X-CUBE-SFXS2LP1 4.0.0
2026-08-10 08:07:52,960 [INFO] ThirdParty:939 - CMSIS Pack Vendor :STMicroelectronics X-CUBE-BLE2 3.3.0
2026-08-10 08:07:52,960 [INFO] ThirdParty:939 - CMSIS Pack Vendor :STMicroelectronics X-CUBE-NFC13 1.0.0
2026-08-10 08:07:52,960 [INFO] ThirdParty:939 - CMSIS Pack Vendor :STMicroelectronics PDM2PCM 3.2.0
2026-08-10 08:07:52,960 [INFO] ThirdParty:939 - CMSIS Pack Vendor :STMicroelectronics X-CUBE-WB05N 2.1.0
2026-08-10 08:07:52,960 [INFO] ThirdParty:757 - exiting critical section [change project]
2026-08-10 08:07:53,101 [INFO] PinOutPanel:1434 - setPackage(No Configuration,No Configuration)
2026-08-10 08:07:53,101 [INFO] PinOutPanel:1434 - setPackage(STM32F103C8Tx,LQFP48)
2026-08-10 08:07:53,273 [INFO] UtilMem:74 - Before build in PCC Used Memory: 472757520 Bytes (907018240)
2026-08-10 08:07:53,538 [INFO] SharedServices:72 - Folder for power plug-in: C:/Users/Alunos/.stm32cubemx/plugins/power
2026-08-10 08:07:53,569 [INFO] SharedServices:72 - Folder for power plug-in: C:/Users/Alunos/.stm32cubemx/plugins/power
2026-08-10 08:07:53,601 [INFO] SharedServices:72 - Folder for power plug-in: C:/Users/Alunos/.stm32cubemx/plugins/power
2026-08-10 08:07:53,601 [INFO] SharedServices:72 - Folder for power plug-in: C:/Users/Alunos/.stm32cubemx/plugins/power
2026-08-10 08:07:53,741 [INFO] UtilMem:74 - After build in PCC Used Memory: 570461800 Bytes (907018240)
2026-08-10 08:07:53,819 [INFO] ApiDbMcu:456 - Load IP Config File for USB_DEVICE
2026-08-10 08:07:53,835 [INFO] IPUIPlugin:64 - create IPUIPlugin
2026-08-10 08:07:53,835 [INFO] IPUIPlugin:64 - create IPUIPlugin
2026-08-10 08:07:53,835 [INFO] IPUIPlugin:64 - create IPUIPlugin
2026-08-10 08:07:53,835 [INFO] IPUIPlugin:64 - create IPUIPlugin
2026-08-10 08:07:53,835 [INFO] IPUIPlugin:64 - create IPUIPlugin
2026-08-10 08:07:53,835 [INFO] IPUIPlugin:64 - create IPUIPlugin
2026-08-10 08:07:53,835 [INFO] IPUIPlugin:64 - create IPUIPlugin
2026-08-10 08:07:53,835 [INFO] IPUIPlugin:64 - create IPUIPlugin
2026-08-10 08:07:53,835 [INFO] IPUIPlugin:64 - create IPUIPlugin
2026-08-10 08:07:53,835 [INFO] IPUIPlugin:64 - create IPUIPlugin
2026-08-10 08:07:53,835 [INFO] IPUIPlugin:64 - create IPUIPlugin
2026-08-10 08:07:53,835 [INFO] IPUIPlugin:64 - create IPUIPlugin
2026-08-10 08:07:53,835 [INFO] IPUIPlugin:64 - create IPUIPlugin
2026-08-10 08:07:53,835 [INFO] IPUIPlugin:64 - create IPUIPlugin
2026-08-10 08:07:53,835 [INFO] IPUIPlugin:64 - create IPUIPlugin
2026-08-10 08:07:53,835 [INFO] IPUIPlugin:64 - create IPUIPlugin
2026-08-10 08:07:53,835 [INFO] IPUIPlugin:64 - create IPUIPlugin
2026-08-10 08:07:53,835 [INFO] IPUIPlugin:64 - create IPUIPlugin
2026-08-10 08:07:53,835 [INFO] IPUIPlugin:64 - create IPUIPlugin
2026-08-10 08:07:53,835 [INFO] IPUIPlugin:64 - create IPUIPlugin
2026-08-10 08:07:53,835 [INFO] IPUIPlugin:64 - create IPUIPlugin
2026-08-10 08:07:53,835 [INFO] IPUIPlugin:64 - create IPUIPlugin
2026-08-10 08:07:53,835 [INFO] IPUIPlugin:64 - create IPUIPlugin
2026-08-10 08:07:53,835 [INFO] IPUIPlugin:64 - create IPUIPlugin
2026-08-10 08:07:53,835 [INFO] IPUIPlugin:64 - create IPUIPlugin
2026-08-10 08:07:53,835 [INFO] IPUIPlugin:64 - create IPUIPlugin
2026-08-10 08:07:53,835 [INFO] IPUIPlugin:64 - create IPUIPlugin
2026-08-10 08:07:53,866 [INFO] LogOutputStream:76 - [STDOUT_REDIRECT] toolchainItems.length=====1
2026-08-10 08:07:53,929 [INFO] OpenFileManager:294 - Restore cursor
2026-08-10 08:22:10,192 [INFO] UtilMem:74 - End SaveConfig() Used Memory: 841142840 Bytes (1073741824)
2026-08-10 08:22:12,369 [INFO] UtilMem:74 - End SaveConfig() Used Memory: 849531448 Bytes (1073741824)
2026-08-10 08:22:14,485 [INFO] UtilMem:74 - End SaveConfig() Used Memory: 879413824 Bytes (1073741824)
2026-08-10 08:22:14,750 [INFO] BlockDiagram:2735 - set Specific Code input for plugin: NVIC
2026-08-10 08:22:14,750 [INFO] BlockDiagram:2735 - set Specific Code input for plugin: USB_DEVICE
2026-08-10 08:22:14,750 [INFO] BlockDiagram:2735 - set Specific Code input for plugin: USB
2026-08-10 08:22:14,750 [INFO] BlockDiagram:2735 - set Specific Code input for plugin: SYS
2026-08-10 08:22:14,750 [INFO] BlockDiagram:2735 - set Specific Code input for plugin: GPIO
2026-08-10 08:22:14,750 [INFO] BlockDiagram:2735 - set Specific Code input for plugin: ADC
2026-08-10 08:22:14,750 [INFO] BlockDiagram:2735 - set Specific Code input for plugin: RCC
2026-08-10 08:22:14,750 [INFO] CodeGenerator:639 - code generatio: config db path: C:\ST\STM32CubeIDE_1.5.1\STM32CubeIDE\plugins\com.st.stm32cube.common.mx_6.1.1.202012091304\\db\
2026-08-10 08:22:15,192 [INFO] CodeEngine:229 - oldGeneratedFile, C:\ST32_2026\ProjetoIntegrado2TRI\ProjetointegradoSTM\ProjetoIntegrado2TRI\MXTmpFiles\license.tmp_save
2026-08-10 08:22:16,266 [INFO] CodeEngine:247 - Generated code: C:\ST32_2026\ProjetoIntegrado2TRI\ProjetointegradoSTM\ProjetoIntegrado2TRI\MXTmpFiles\license.tmp
2026-08-10 08:22:16,297 [INFO] CodeEngine:229 - oldGeneratedFile, C:\ST32_2026\ProjetoIntegrado2TRI\ProjetointegradoSTM\ProjetoIntegrado2TRI\MXTmpFiles\gpio.tmp_save
2026-08-10 08:22:16,391 [INFO] CodeEngine:247 - Generated code: C:\ST32_2026\ProjetoIntegrado2TRI\ProjetointegradoSTM\ProjetoIntegrado2TRI\MXTmpFiles\gpio.tmp
2026-08-10 08:22:16,391 [INFO] LogOutputStream:76 - [STDOUT_REDIRECT] Command line test
2026-08-10 08:22:16,438 [INFO] CodeEngine:229 - oldGeneratedFile, C:\ST32_2026\ProjetoIntegrado2TRI\ProjetointegradoSTM\ProjetoIntegrado2TRI\MXTmpFiles\usb_vars.tmp_save
2026-08-10 08:22:16,484 [INFO] CodeEngine:247 - Generated code: C:\ST32_2026\ProjetoIntegrado2TRI\ProjetointegradoSTM\ProjetoIntegrado2TRI\MXTmpFiles\usb_vars.tmp
2026-08-10 08:22:16,500 [INFO] CodeEngine:229 - oldGeneratedFile, C:\ST32_2026\ProjetoIntegrado2TRI\ProjetointegradoSTM\ProjetoIntegrado2TRI\MXTmpFiles\usb_inc.tmp_save
2026-08-10 08:22:16,547 [INFO] CodeEngine:247 - Generated code: C:\ST32_2026\ProjetoIntegrado2TRI\ProjetointegradoSTM\ProjetoIntegrado2TRI\MXTmpFiles\usb_inc.tmp
2026-08-10 08:22:16,563 [INFO] CodeEngine:229 - oldGeneratedFile, C:\ST32_2026\ProjetoIntegrado2TRI\ProjetointegradoSTM\ProjetoIntegrado2TRI\MXTmpFiles\usb_HalInit.tmp_save
2026-08-10 08:22:16,609 [INFO] CodeEngine:247 - Generated code: C:\ST32_2026\ProjetoIntegrado2TRI\ProjetointegradoSTM\ProjetoIntegrado2TRI\MXTmpFiles\usb_HalInit.tmp
2026-08-10 08:22:16,625 [INFO] CodeEngine:229 - oldGeneratedFile, C:\ST32_2026\ProjetoIntegrado2TRI\ProjetointegradoSTM\ProjetoIntegrado2TRI\MXTmpFiles\usb_Msp.tmp_save
2026-08-10 08:22:16,672 [INFO] CodeEngine:247 - Generated code: C:\ST32_2026\ProjetoIntegrado2TRI\ProjetointegradoSTM\ProjetoIntegrado2TRI\MXTmpFiles\usb_Msp.tmp
2026-08-10 08:22:16,719 [INFO] LogOutputStream:76 - [STDOUT_REDIRECT] Command line
2026-08-10 08:22:16,719 [INFO] LogOutputStream:76 - [STDOUT_REDIRECT] Command line
2026-08-10 08:22:16,719 [INFO] Middleware:1252 - No code input for Bsp Dependency
2026-08-10 08:22:16,750 [INFO] CodeEngine:229 - oldGeneratedFile, C:\ST32_2026\ProjetoIntegrado2TRI\ProjetointegradoSTM\ProjetoIntegrado2TRI\USB_DEVICE\App\usb_device.c_save
2026-08-10 08:22:16,797 [INFO] CodeEngine:247 - Generated code: C:\ST32_2026\ProjetoIntegrado2TRI\ProjetointegradoSTM\ProjetoIntegrado2TRI\USB_DEVICE\App\usb_device.c
2026-08-10 08:22:16,813 [INFO] CodeEngine:229 - oldGeneratedFile, C:\ST32_2026\ProjetoIntegrado2TRI\ProjetointegradoSTM\ProjetoIntegrado2TRI\USB_DEVICE\App\usb_device.h_save
2026-08-10 08:22:16,859 [INFO] CodeEngine:247 - Generated code: C:\ST32_2026\ProjetoIntegrado2TRI\ProjetointegradoSTM\ProjetoIntegrado2TRI\USB_DEVICE\App\usb_device.h
2026-08-10 08:22:16,875 [INFO] CodeEngine:229 - oldGeneratedFile, C:\ST32_2026\ProjetoIntegrado2TRI\ProjetointegradoSTM\ProjetoIntegrado2TRI\USB_DEVICE\Target\usbd_conf.h_save
2026-08-10 08:22:16,922 [INFO] CodeEngine:247 - Generated code: C:\ST32_2026\ProjetoIntegrado2TRI\ProjetointegradoSTM\ProjetoIntegrado2TRI\USB_DEVICE\Target\usbd_conf.h
2026-08-10 08:22:16,937 [INFO] CodeEngine:229 - oldGeneratedFile, C:\ST32_2026\ProjetoIntegrado2TRI\ProjetointegradoSTM\ProjetoIntegrado2TRI\USB_DEVICE\Target\usbd_conf.c_save
2026-08-10 08:22:17,000 [INFO] CodeEngine:247 - Generated code: C:\ST32_2026\ProjetoIntegrado2TRI\ProjetointegradoSTM\ProjetoIntegrado2TRI\USB_DEVICE\Target\usbd_conf.c
2026-08-10 08:22:17,016 [INFO] CodeEngine:229 - oldGeneratedFile, C:\ST32_2026\ProjetoIntegrado2TRI\ProjetointegradoSTM\ProjetoIntegrado2TRI\USB_DEVICE\App\usbd_desc.h_save
2026-08-10 08:22:17,063 [INFO] CodeEngine:247 - Generated code: C:\ST32_2026\ProjetoIntegrado2TRI\ProjetointegradoSTM\ProjetoIntegrado2TRI\USB_DEVICE\App\usbd_desc.h
2026-08-10 08:22:17,078 [INFO] CodeEngine:229 - oldGeneratedFile, C:\ST32_2026\ProjetoIntegrado2TRI\ProjetointegradoSTM\ProjetoIntegrado2TRI\USB_DEVICE\App\usbd_desc.c_save
2026-08-10 08:22:17,125 [INFO] CodeEngine:247 - Generated code: C:\ST32_2026\ProjetoIntegrado2TRI\ProjetointegradoSTM\ProjetoIntegrado2TRI\USB_DEVICE\App\usbd_desc.c
2026-08-10 08:22:17,141 [INFO] CodeEngine:229 - oldGeneratedFile, C:\ST32_2026\ProjetoIntegrado2TRI\ProjetointegradoSTM\ProjetoIntegrado2TRI\USB_DEVICE\App\usbd_cdc_if.h_save
2026-08-10 08:22:17,187 [INFO] CodeEngine:247 - Generated code: C:\ST32_2026\ProjetoIntegrado2TRI\ProjetointegradoSTM\ProjetoIntegrado2TRI\USB_DEVICE\App\usbd_cdc_if.h
2026-08-10 08:22:17,203 [INFO] CodeEngine:229 - oldGeneratedFile, C:\ST32_2026\ProjetoIntegrado2TRI\ProjetointegradoSTM\ProjetoIntegrado2TRI\USB_DEVICE\App\usbd_cdc_if.c_save
2026-08-10 08:22:17,250 [INFO] CodeEngine:247 - Generated code: C:\ST32_2026\ProjetoIntegrado2TRI\ProjetointegradoSTM\ProjetoIntegrado2TRI\USB_DEVICE\App\usbd_cdc_if.c
2026-08-10 08:22:17,266 [INFO] CodeEngine:229 - oldGeneratedFile, C:\ST32_2026\ProjetoIntegrado2TRI\ProjetointegradoSTM\ProjetoIntegrado2TRI\Core\Src\stm32f1xx_it.c_save
2026-08-10 08:22:17,359 [INFO] CodeEngine:247 - Generated code: C:\ST32_2026\ProjetoIntegrado2TRI\ProjetointegradoSTM\ProjetoIntegrado2TRI\Core\Src\stm32f1xx_it.c
2026-08-10 08:22:17,375 [INFO] CodeEngine:229 - oldGeneratedFile, C:\ST32_2026\ProjetoIntegrado2TRI\ProjetointegradoSTM\ProjetoIntegrado2TRI\Core\Inc\stm32f1xx_it.h_save
2026-08-10 08:22:17,422 [INFO] CodeEngine:247 - Generated code: C:\ST32_2026\ProjetoIntegrado2TRI\ProjetointegradoSTM\ProjetoIntegrado2TRI\Core\Inc\stm32f1xx_it.h
2026-08-10 08:22:17,437 [INFO] CodeEngine:229 - oldGeneratedFile, C:\ST32_2026\ProjetoIntegrado2TRI\ProjetointegradoSTM\ProjetoIntegrado2TRI\Core\Src\stm32f1xx_hal_msp.c_save
2026-08-10 08:22:17,500 [INFO] CodeEngine:247 - Generated code: C:\ST32_2026\ProjetoIntegrado2TRI\ProjetointegradoSTM\ProjetoIntegrado2TRI\Core\Src\stm32f1xx_hal_msp.c
2026-08-10 08:22:17,516 [INFO] CodeEngine:229 - oldGeneratedFile, C:\ST32_2026\ProjetoIntegrado2TRI\ProjetointegradoSTM\ProjetoIntegrado2TRI\MXTmpFiles\system.tmp_save
2026-08-10 08:22:17,547 [INFO] CodeEngine:247 - Generated code: C:\ST32_2026\ProjetoIntegrado2TRI\ProjetointegradoSTM\ProjetoIntegrado2TRI\MXTmpFiles\system.tmp
2026-08-10 08:22:17,562 [INFO] CodeEngine:229 - oldGeneratedFile, C:\ST32_2026\ProjetoIntegrado2TRI\ProjetointegradoSTM\ProjetoIntegrado2TRI\Core\Inc\stm32f1xx_hal_conf.h_save
2026-08-10 08:22:17,609 [INFO] CodeEngine:247 - Generated code: C:\ST32_2026\ProjetoIntegrado2TRI\ProjetointegradoSTM\ProjetoIntegrado2TRI\Core\Inc\stm32f1xx_hal_conf.h
2026-08-10 08:22:17,640 [INFO] CodeEngine:229 - oldGeneratedFile, C:\ST32_2026\ProjetoIntegrado2TRI\ProjetointegradoSTM\ProjetoIntegrado2TRI\Core\Inc\main.h_save
2026-08-10 08:22:17,703 [INFO] CodeEngine:247 - Generated code: C:\ST32_2026\ProjetoIntegrado2TRI\ProjetointegradoSTM\ProjetoIntegrado2TRI\Core\Inc\main.h
2026-08-10 08:22:17,719 [INFO] CodeEngine:229 - oldGeneratedFile, C:\ST32_2026\ProjetoIntegrado2TRI\ProjetointegradoSTM\ProjetoIntegrado2TRI\Core\Src\main.c_save
2026-08-10 08:22:17,797 [INFO] CodeEngine:247 - Generated code: C:\ST32_2026\ProjetoIntegrado2TRI\ProjetointegradoSTM\ProjetoIntegrado2TRI\Core\Src\main.c
2026-08-10 08:22:18,109 [INFO] ProjectBuilder:2328 - Time for Copy HAL[1] : 125mS.
2026-08-10 08:22:18,125 [INFO] ProjectBuilder:3259 - Project Generator version: 3.11.2
2026-08-10 08:22:18,312 [INFO] ConfigFileManager:1238 - The Die is : DIE410
2026-08-10 08:22:18,328 [INFO] ApiDbMcu:456 - Load IP Config File for FATFS
2026-08-10 08:22:18,344 [INFO] ApiDbMcu:456 - Load IP Config File for FREERTOS
2026-08-10 08:22:21,573 [INFO] ProjectBuilder:3425 - Time for Generating toolchain IDE Files: 3448mS.
2026-08-10 08:22:21,573 [INFO] ProjectBuilder:2207 - Time for Copy CMSIS : 0mS.
2026-08-10 08:22:21,573 [INFO] ProjectBuilder:2207 - Time for Copy CMSIS : 0mS.
2026-08-12 10:08:54,144 [INFO] Activator:170 - 


2026-08-12 10:08:54,144 [INFO] Activator:171 - !SESSION log4j initialized
2026-08-14 10:10:13,571 [INFO] Activator:170 - 


2026-08-14 10:10:13,571 [INFO] Activator:171 - !SESSION log4j initialized
2026-08-14 10:37:28,169 [INFO] McuFinderGlobals:40 - Set McuFinder mode to 2 (CubeIDE integrated)
2026-08-14 10:37:28,406 [INFO] ApplicationProperties:181 - Using Application install path: C:\ST\STM32CubeIDE_1.5.1\STM32CubeIDE\plugins\com.st.stm32cube.common.mx_6.1.1.202012091304
2026-08-14 10:37:28,421 [INFO] DbMcusXml:71 - Set database path to: C:\ST\STM32CubeIDE_1.5.1\STM32CubeIDE\plugins\com.st.stm32cube.common.mx_6.1.1.202012091304\\db\/mcu/
2026-08-14 10:37:28,423 [INFO] DbBoardsPdsc:57 - Set plugin database path to: C:\ST\STM32CubeIDE_1.5.1\STM32CubeIDE\plugins\com.st.stm32cube.common.mx_6.1.1.202012091304\\db\/plugins/boardmanager/
2026-08-14 10:37:28,423 [INFO] DbMcus:259 - Set plugin images path to: C:\ST\STM32CubeIDE_1.5.1\STM32CubeIDE\plugins\com.st.stm32cube.common.mx_6.1.1.202012091304\\db\/plugins/mcufinder/images/
2026-08-14 10:37:28,423 [INFO] DbBoards:265 - Set plugin images path to: C:\ST\STM32CubeIDE_1.5.1\STM32CubeIDE\plugins\com.st.stm32cube.common.mx_6.1.1.202012091304\\db\/plugins/mcufinder/images/
2026-08-14 10:37:28,423 [INFO] DbExamples:329 - Set plugin images path to: C:\ST\STM32CubeIDE_1.5.1\STM32CubeIDE\plugins\com.st.stm32cube.common.mx_6.1.1.202012091304\\db\/plugins/mcufinder/images/
2026-08-14 10:37:28,423 [INFO] DbMcusDocs:112 - Set database path to: C:\Users\Alunos\.stmcufinder\plugins\mcufinder//mcu/
2026-08-14 10:37:28,423 [INFO] DbMcusJson:63 - Set database path to: C:\Users\Alunos\.stmcufinder\plugins\mcufinder//mcu/
2026-08-14 10:37:28,423 [INFO] DbBoardsDocs:112 - Set database path to: C:\Users\Alunos\.stmcufinder\plugins\mcufinder//mcu/
2026-08-14 10:37:28,423 [INFO] DbBoardsJson:56 - Set database path to: C:\Users\Alunos\.stmcufinder\plugins\mcufinder//mcu/
2026-08-14 10:37:28,596 [INFO] CrossReferenceDbSqlite:196 - Set database path to: C:\Users\Alunos\.stmcufinder\plugins\mcufinder//mcu/cs/
2026-08-14 10:37:28,610 [INFO] DbExamplesSqlite:699 - Set database path to: C:\Users\Alunos\.stmcufinder\plugins\mcufinder//mcu/
2026-08-14 10:37:28,676 [INFO] RulesReader:52 - Compatibility file has been processed (228 Rules)
2026-08-14 10:37:28,726 [INFO] MicroXplorer:565 - Detected Java Version = 1.8.0_272
2026-08-14 10:37:28,726 [INFO] DbMcusXml:71 - Set database path to: C:\ST\STM32CubeIDE_1.5.1\STM32CubeIDE\plugins\com.st.stm32cube.common.mx_6.1.1.202012091304\\db\/mcu/
2026-08-14 10:37:28,726 [INFO] DbBoardsPdsc:57 - Set plugin database path to: C:\ST\STM32CubeIDE_1.5.1\STM32CubeIDE\plugins\com.st.stm32cube.common.mx_6.1.1.202012091304\\db\/plugins/boardmanager/
2026-08-14 10:37:28,726 [INFO] DbMcus:259 - Set plugin images path to: C:\ST\STM32CubeIDE_1.5.1\STM32CubeIDE\plugins\com.st.stm32cube.common.mx_6.1.1.202012091304\\db\/plugins/mcufinder/images/
2026-08-14 10:37:28,726 [INFO] DbBoards:265 - Set plugin images path to: C:\ST\STM32CubeIDE_1.5.1\STM32CubeIDE\plugins\com.st.stm32cube.common.mx_6.1.1.202012091304\\db\/plugins/mcufinder/images/
2026-08-14 10:37:28,726 [INFO] DbExamples:329 - Set plugin images path to: C:\ST\STM32CubeIDE_1.5.1\STM32CubeIDE\plugins\com.st.stm32cube.common.mx_6.1.1.202012091304\\db\/plugins/mcufinder/images/
2026-08-14 10:37:28,726 [WARN] DbFile:36 - Overriding database path with different value: C:\Users\Alunos\.stmcufinder\plugins\mcufinder/ => C:\Users\Alunos\.stmcufinder\plugins\mcufinder
2026-08-14 10:37:28,726 [INFO] DbMcusDocs:112 - Set database path to: C:\Users\Alunos\.stmcufinder\plugins\mcufinder//mcu/
2026-08-14 10:37:28,726 [WARN] DbFile:36 - Overriding database path with different value: C:\Users\Alunos\.stmcufinder\plugins\mcufinder/ => C:\Users\Alunos\.stmcufinder\plugins\mcufinder
2026-08-14 10:37:28,726 [INFO] DbMcusJson:63 - Set database path to: C:\Users\Alunos\.stmcufinder\plugins\mcufinder//mcu/
2026-08-14 10:37:28,726 [WARN] DbFile:36 - Overriding database path with different value: C:\Users\Alunos\.stmcufinder\plugins\mcufinder/ => C:\Users\Alunos\.stmcufinder\plugins\mcufinder
2026-08-14 10:37:28,726 [INFO] DbBoardsDocs:112 - Set database path to: C:\Users\Alunos\.stmcufinder\plugins\mcufinder//mcu/
2026-08-14 10:37:28,726 [WARN] DbFile:36 - Overriding database path with different value: C:\Users\Alunos\.stmcufinder\plugins\mcufinder/ => C:\Users\Alunos\.stmcufinder\plugins\mcufinder
2026-08-14 10:37:28,726 [INFO] DbBoardsJson:56 - Set database path to: C:\Users\Alunos\.stmcufinder\plugins\mcufinder//mcu/
2026-08-14 10:37:28,726 [WARN] DbFile:36 - Overriding database path with different value: C:\Users\Alunos\.stmcufinder\plugins\mcufinder/ => C:\Users\Alunos\.stmcufinder\plugins\mcufinder
2026-08-14 10:37:28,726 [WARN] DbFile:36 - Overriding database path with different value: C:\Users\Alunos\.stmcufinder\plugins\mcufinder/ => C:\Users\Alunos\.stmcufinder\plugins\mcufinder
2026-08-14 10:37:28,726 [INFO] CrossReferenceDbSqlite:196 - Set database path to: C:\Users\Alunos\.stmcufinder\plugins\mcufinder//mcu/cs/
2026-08-14 10:37:28,726 [WARN] DbFile:36 - Overriding database path with different value: C:\Users\Alunos\.stmcufinder\plugins\mcufinder/ => C:\Users\Alunos\.stmcufinder\plugins\mcufinder
2026-08-14 10:37:28,726 [INFO] DbExamplesSqlite:699 - Set database path to: C:\Users\Alunos\.stmcufinder\plugins\mcufinder//mcu/
2026-08-14 10:37:28,761 [INFO] MainPanel:190 - HeapMemory: 1012924416
2026-08-14 10:37:28,811 [INFO] DbMcusXml:71 - Set database path to: C:\ST\STM32CubeIDE_1.5.1\STM32CubeIDE\plugins\com.st.stm32cube.common.mx_6.1.1.202012091304\\db\/mcu/
2026-08-14 10:37:28,811 [INFO] DbBoardsPdsc:57 - Set plugin database path to: C:\ST\STM32CubeIDE_1.5.1\STM32CubeIDE\plugins\com.st.stm32cube.common.mx_6.1.1.202012091304\\db\/plugins/boardmanager/
2026-08-14 10:37:28,811 [INFO] DbMcus:259 - Set plugin images path to: C:\ST\STM32CubeIDE_1.5.1\STM32CubeIDE\plugins\com.st.stm32cube.common.mx_6.1.1.202012091304\\db\/plugins/mcufinder/images/
2026-08-14 10:37:28,811 [INFO] DbBoards:265 - Set plugin images path to: C:\ST\STM32CubeIDE_1.5.1\STM32CubeIDE\plugins\com.st.stm32cube.common.mx_6.1.1.202012091304\\db\/plugins/mcufinder/images/
2026-08-14 10:37:28,811 [INFO] DbExamples:329 - Set plugin images path to: C:\ST\STM32CubeIDE_1.5.1\STM32CubeIDE\plugins\com.st.stm32cube.common.mx_6.1.1.202012091304\\db\/plugins/mcufinder/images/
2026-08-14 10:37:28,811 [WARN] DbFile:36 - Overriding database path with different value: C:\Users\Alunos\.stmcufinder\plugins\mcufinder/ => C:\Users\Alunos\.stmcufinder\plugins\mcufinder
2026-08-14 10:37:28,811 [INFO] DbMcusDocs:112 - Set database path to: C:\Users\Alunos\.stmcufinder\plugins\mcufinder//mcu/
2026-08-14 10:37:28,811 [WARN] DbFile:36 - Overriding database path with different value: C:\Users\Alunos\.stmcufinder\plugins\mcufinder/ => C:\Users\Alunos\.stmcufinder\plugins\mcufinder
2026-08-14 10:37:28,811 [INFO] DbMcusJson:63 - Set database path to: C:\Users\Alunos\.stmcufinder\plugins\mcufinder//mcu/
2026-08-14 10:37:28,811 [WARN] DbFile:36 - Overriding database path with different value: C:\Users\Alunos\.stmcufinder\plugins\mcufinder/ => C:\Users\Alunos\.stmcufinder\plugins\mcufinder
2026-08-14 10:37:28,811 [INFO] DbBoardsDocs:112 - Set database path to: C:\Users\Alunos\.stmcufinder\plugins\mcufinder//mcu/
2026-08-14 10:37:28,811 [WARN] DbFile:36 - Overriding database path with different value: C:\Users\Alunos\.stmcufinder\plugins\mcufinder/ => C:\Users\Alunos\.stmcufinder\plugins\mcufinder
2026-08-14 10:37:28,811 [INFO] DbBoardsJson:56 - Set database path to: C:\Users\Alunos\.stmcufinder\plugins\mcufinder//mcu/
2026-08-14 10:37:28,811 [WARN] DbFile:36 - Overriding database path with different value: C:\Users\Alunos\.stmcufinder\plugins\mcufinder/ => C:\Users\Alunos\.stmcufinder\plugins\mcufinder
2026-08-14 10:37:28,811 [WARN] DbFile:36 - Overriding database path with different value: C:\Users\Alunos\.stmcufinder\plugins\mcufinder/ => C:\Users\Alunos\.stmcufinder\plugins\mcufinder
2026-08-14 10:37:28,811 [INFO] CrossReferenceDbSqlite:196 - Set database path to: C:\Users\Alunos\.stmcufinder\plugins\mcufinder//mcu/cs/
2026-08-14 10:37:28,811 [WARN] DbFile:36 - Overriding database path with different value: C:\Users\Alunos\.stmcufinder\plugins\mcufinder/ => C:\Users\Alunos\.stmcufinder\plugins\mcufinder
2026-08-14 10:37:28,811 [INFO] DbExamplesSqlite:699 - Set database path to: C:\Users\Alunos\.stmcufinder\plugins\mcufinder//mcu/
2026-08-14 10:37:28,827 [INFO] ApplicationProperties:181 - Using Application install path: C:\ST\STM32CubeIDE_1.5.1\STM32CubeIDE\plugins\com.st.stm32cube.common.mx_6.1.1.202012091304
2026-08-14 10:37:28,827 [INFO] PluginManage:178 - Search for loadable plugins [exclusion list=, ]
2026-08-14 10:37:28,827 [INFO] PluginManage:292 - Check plugin analytics
2026-08-14 10:37:28,928 [INFO] AnalyticsPlugin:225 - Accepted Software Licenses: 
2026-08-14 10:37:28,928 [INFO] AnalyticsPlugin:227 - Accepted CMSIS Pack Licenses: 
2026-08-14 10:37:28,928 [INFO] AnalyticsPlugin:229 - Accepted Firmware Licenses: 
2026-08-14 10:37:28,928 [INFO] PluginManage:342 - Loaded plugin analytics (category:tool,tabindex:-1)
2026-08-14 10:37:28,928 [INFO] PluginManage:292 - Check plugin clock
2026-08-14 10:37:28,943 [INFO] PluginManage:342 - Loaded plugin clock (category:base,tabindex:2)
2026-08-14 10:37:28,943 [INFO] PluginManage:292 - Check plugin ddr
2026-08-14 10:37:28,943 [INFO] PluginManage:342 - Loaded plugin ddr (category:tool,tabindex:6)
2026-08-14 10:37:28,952 [INFO] PluginManage:292 - Check plugin filemanager
2026-08-14 10:37:29,013 [INFO] PluginManage:342 - Loaded plugin filemanager (category:base,tabindex:10)
2026-08-14 10:37:29,013 [INFO] PluginManage:292 - Check plugin ipmanager
2026-08-14 10:37:29,029 [INFO] PluginManage:342 - Loaded plugin ipmanager (category:base,tabindex:5)
2026-08-14 10:37:29,029 [INFO] PluginManage:292 - Check plugin pinoutandconfiguration
2026-08-14 10:37:29,044 [INFO] PluginManage:342 - Loaded plugin pinoutandconfiguration (category:base,tabindex:1)
2026-08-14 10:37:29,044 [INFO] PluginManage:292 - Check plugin pinoutconfig
2026-08-14 10:37:29,065 [INFO] PluginManage:342 - Loaded plugin pinoutconfig (category:base,tabindex:0)
2026-08-14 10:37:29,065 [INFO] PluginManage:292 - Check plugin power
2026-08-14 10:37:29,088 [INFO] PluginManage:342 - Loaded plugin power (category:power,tabindex:4)
2026-08-14 10:37:29,088 [INFO] PluginManage:292 - Check plugin projectmanager
2026-08-14 10:37:29,097 [INFO] PluginManage:342 - Loaded plugin projectmanager (category:projectmanager,tabindex:3)
2026-08-14 10:37:29,097 [INFO] PluginManage:292 - Check plugin thirdparty
2026-08-14 10:37:29,368 [INFO] PluginManage:342 - Loaded plugin thirdparty (category:base,tabindex:-1)
2026-08-14 10:37:29,368 [INFO] PluginManage:292 - Check plugin tools
2026-08-14 10:37:29,368 [WARN] IntegrityCheckThread:59 - waiting for thirdparty lock release [integrity check]
2026-08-14 10:37:29,368 [INFO] IntegrityCheckThread:61 - entering critical section [integrity check]
2026-08-14 10:37:29,368 [INFO] ThirdPartyUpdaterWithRetryManager:56 - Updater plugin not ready yet. [1/15]
2026-08-14 10:37:29,430 [INFO] PluginManage:342 - Loaded plugin tools (category:base,tabindex:7)
2026-08-14 10:37:29,430 [INFO] PluginManage:292 - Check plugin tutovideos
2026-08-14 10:37:29,571 [INFO] PluginManage:342 - Loaded plugin tutovideos (category:base,tabindex:-1)
2026-08-14 10:37:29,571 [INFO] PluginManage:292 - Check plugin updater
2026-08-14 10:37:29,587 [INFO] PluginManage:342 - Loaded plugin updater (category:base,tabindex:12)
2026-08-14 10:37:29,587 [INFO] PluginManage:265 - PluginManage : Loaded plugins [13]
2026-08-14 10:37:29,688 [INFO] PinOutPanel:1434 - setPackage(No Configuration,No Configuration)
2026-08-14 10:37:29,755 [INFO] IPUIPlugin:64 - create IPUIPlugin
2026-08-14 10:37:29,755 [INFO] PluginManager:203 - loadIPPluginJar : add adc
2026-08-14 10:37:29,788 [INFO] IPUIPlugin:64 - create IPUIPlugin
2026-08-14 10:37:29,788 [INFO] PluginManager:203 - loadIPPluginJar : add aes
2026-08-14 10:37:29,823 [INFO] IPUIPlugin:64 - create IPUIPlugin
2026-08-14 10:37:29,823 [INFO] PluginManager:203 - loadIPPluginJar : add can
2026-08-14 10:37:29,862 [INFO] IPUIPlugin:64 - create IPUIPlugin
2026-08-14 10:37:29,862 [INFO] PluginManager:203 - loadIPPluginJar : add comp
2026-08-14 10:37:29,898 [INFO] IPUIPlugin:64 - create IPUIPlugin
2026-08-14 10:37:29,898 [INFO] PluginManager:203 - loadIPPluginJar : add cryp
2026-08-14 10:37:29,923 [INFO] IPUIPlugin:64 - create IPUIPlugin
2026-08-14 10:37:29,923 [INFO] PluginManager:203 - loadIPPluginJar : add dfsdm
2026-08-14 10:37:29,939 [INFO] IPUIPlugin:64 - create IPUIPlugin
2026-08-14 10:37:29,939 [INFO] PluginManager:203 - loadIPPluginJar : add dma
2026-08-14 10:37:29,970 [INFO] IPUIPlugin:64 - create IPUIPlugin
2026-08-14 10:37:29,970 [INFO] PluginManager:203 - loadIPPluginJar : add fatfs
2026-08-14 10:37:30,009 [INFO] IPUIPlugin:64 - create IPUIPlugin
2026-08-14 10:37:30,009 [INFO] PluginManager:203 - loadIPPluginJar : add fmc
2026-08-14 10:37:30,025 [INFO] IPUIPlugin:64 - create IPUIPlugin
2026-08-14 10:37:30,025 [INFO] PluginManager:203 - loadIPPluginJar : add freertos
2026-08-14 10:37:30,041 [INFO] IPUIPlugin:64 - create IPUIPlugin
2026-08-14 10:37:30,041 [INFO] PluginManager:203 - loadIPPluginJar : add genericplugin
2026-08-14 10:37:30,125 [INFO] IPUIPlugin:64 - create IPUIPlugin
2026-08-14 10:37:30,125 [INFO] PluginManager:203 - loadIPPluginJar : add gfxmmu
2026-08-14 10:37:30,225 [INFO] IPUIPlugin:64 - create IPUIPlugin
2026-08-14 10:37:30,225 [INFO] PluginManager:203 - loadIPPluginJar : add gic
2026-08-14 10:37:30,225 [INFO] IPUIPlugin:64 - create IPUIPlugin
2026-08-14 10:37:30,225 [INFO] PluginManager:203 - loadIPPluginJar : add gpio
2026-08-14 10:37:30,299 [INFO] IPUIPlugin:64 - create IPUIPlugin
2026-08-14 10:37:30,299 [INFO] PluginManager:203 - loadIPPluginJar : add gtzc
2026-08-14 10:37:30,325 [INFO] IPUIPlugin:64 - create IPUIPlugin
2026-08-14 10:37:30,325 [INFO] PluginManager:203 - loadIPPluginJar : add hash
2026-08-14 10:37:30,376 [INFO] IPUIPlugin:64 - create IPUIPlugin
2026-08-14 10:37:30,376 [INFO] PluginManager:203 - loadIPPluginJar : add i2c
2026-08-14 10:37:30,414 [INFO] IPUIPlugin:64 - create IPUIPlugin
2026-08-14 10:37:30,414 [INFO] PluginManager:203 - loadIPPluginJar : add i2s
2026-08-14 10:37:30,430 [INFO] IPUIPlugin:64 - create IPUIPlugin
2026-08-14 10:37:30,430 [INFO] PluginManager:203 - loadIPPluginJar : add ipddr
2026-08-14 10:37:30,467 [INFO] IPUIPlugin:64 - create IPUIPlugin
2026-08-14 10:37:30,467 [INFO] PluginManager:203 - loadIPPluginJar : add lorawan
2026-08-14 10:37:30,499 [INFO] IPUIPlugin:64 - create IPUIPlugin
2026-08-14 10:37:30,499 [INFO] PluginManager:203 - loadIPPluginJar : add ltdc
2026-08-14 10:37:30,499 [INFO] IPUIPlugin:64 - create IPUIPlugin
2026-08-14 10:37:30,515 [INFO] PluginManager:203 - loadIPPluginJar : add mdma
2026-08-14 10:37:30,515 [INFO] IPUIPlugin:64 - create IPUIPlugin
2026-08-14 10:37:30,515 [INFO] PluginManager:203 - loadIPPluginJar : add nvic
2026-08-14 10:37:30,555 [INFO] IPUIPlugin:64 - create IPUIPlugin
2026-08-14 10:37:30,555 [INFO] PluginManager:203 - loadIPPluginJar : add opamp
2026-08-14 10:37:30,615 [INFO] IPUIPlugin:64 - create IPUIPlugin
2026-08-14 10:37:30,615 [INFO] PluginManager:203 - loadIPPluginJar : add openamp
2026-08-14 10:37:30,656 [INFO] IPUIPlugin:64 - create IPUIPlugin
2026-08-14 10:37:30,656 [INFO] PluginManager:203 - loadIPPluginJar : add pdm2pcm
2026-08-14 10:37:30,663 [INFO] IPUIPlugin:64 - create IPUIPlugin
2026-08-14 10:37:30,663 [INFO] PluginManager:203 - loadIPPluginJar : add plateformsettings
2026-08-14 10:37:30,700 [INFO] IPUIPlugin:64 - create IPUIPlugin
2026-08-14 10:37:30,700 [INFO] PluginManager:203 - loadIPPluginJar : add quadspi
2026-08-14 10:37:30,700 [INFO] IPUIPlugin:64 - create IPUIPlugin
2026-08-14 10:37:30,700 [INFO] PluginManager:203 - loadIPPluginJar : add resmgrutility
2026-08-14 10:37:30,760 [INFO] IPUIPlugin:64 - create IPUIPlugin
2026-08-14 10:37:30,760 [INFO] PluginManager:203 - loadIPPluginJar : add sai
2026-08-14 10:37:30,799 [INFO] IPUIPlugin:64 - create IPUIPlugin
2026-08-14 10:37:30,799 [INFO] PluginManager:203 - loadIPPluginJar : add spi
2026-08-14 10:37:30,840 [INFO] IPUIPlugin:64 - create IPUIPlugin
2026-08-14 10:37:30,840 [INFO] PluginManager:203 - loadIPPluginJar : add stm32_wpan
2026-08-14 10:37:30,864 [INFO] IPUIPlugin:64 - create IPUIPlugin
2026-08-14 10:37:30,864 [INFO] PluginManager:203 - loadIPPluginJar : add tim
2026-08-14 10:37:30,927 [INFO] IPUIPlugin:64 - create IPUIPlugin
2026-08-14 10:37:30,927 [INFO] PluginManager:203 - loadIPPluginJar : add touchsensing
2026-08-14 10:37:30,959 [INFO] IPUIPlugin:64 - create IPUIPlugin
2026-08-14 10:37:30,959 [INFO] PluginManager:203 - loadIPPluginJar : add tracer_emb
2026-08-14 10:37:30,985 [INFO] IPUIPlugin:64 - create IPUIPlugin
2026-08-14 10:37:30,985 [INFO] PluginManager:203 - loadIPPluginJar : add ts
2026-08-14 10:37:31,000 [INFO] IPUIPlugin:64 - create IPUIPlugin
2026-08-14 10:37:31,016 [INFO] PluginManager:203 - loadIPPluginJar : add tsc
2026-08-14 10:37:31,032 [INFO] IPUIPlugin:64 - create IPUIPlugin
2026-08-14 10:37:31,032 [INFO] PluginManager:203 - loadIPPluginJar : add ucpd
2026-08-14 10:37:31,075 [INFO] IPUIPlugin:64 - create IPUIPlugin
2026-08-14 10:37:31,075 [INFO] PluginManager:203 - loadIPPluginJar : add usart
2026-08-14 10:37:31,316 [FATAL] Updater:284 - Updater called before beeing initialized
2026-08-14 10:37:31,381 [FATAL] Updater:284 - Updater called before beeing initialized
2026-08-14 10:37:31,400 [WARN] DetailPanel:347 - Failed to get advertising image, set to default
2026-08-14 10:37:31,400 [FATAL] Updater:284 - Updater called before beeing initialized
2026-08-14 10:37:31,400 [WARN] DetailPanel:347 - Failed to get advertising image, set to default
2026-08-14 10:37:31,432 [FATAL] Updater:284 - Updater called before beeing initialized
2026-08-14 10:37:31,432 [WARN] ThirdParty:783 - waiting for thirdparty lock release [close project]
2026-08-14 10:37:32,378 [INFO] ThirdPartyUpdaterWithRetryManager:56 - Updater plugin not ready yet. [2/15]
2026-08-14 10:37:35,391 [FATAL] Updater:284 - Updater called before beeing initialized
2026-08-14 10:37:35,391 [ERROR] AbstractThirdPartyUpdaterManager:153 - java.lang.Integer cannot be cast to java.util.List
2026-08-14 10:37:35,391 [INFO] ThirdParty:887 - Integrity check success = false
2026-08-14 10:37:35,391 [INFO] IntegrityCheckThread:75 - exiting critical section [integrity check]
2026-08-14 10:37:35,391 [INFO] IntegrityCheckThread:78 - End integrity checks thread
2026-08-14 10:37:35,391 [INFO] ThirdParty:785 - entering critical section [close project]
2026-08-14 10:37:35,392 [INFO] ThirdParty:796 - exiting critical section [close project]
2026-08-14 10:37:35,394 [INFO] PinOutPanel:1434 - setPackage(No Configuration,No Configuration)
2026-08-14 10:37:35,395 [FATAL] Updater:284 - Updater called before beeing initialized
2026-08-14 10:37:35,406 [ERROR] Updater:1065 - MainUpdater not yet initialized. External WinMGr cannot be set.
2026-08-14 10:37:35,417 [INFO] Updater:1002 - Updater Version found : 6.1.1
2026-08-14 10:37:35,434 [INFO] ApplicationProperties:181 - Using Application install path: C:\ST\STM32CubeIDE_1.5.1\STM32CubeIDE\plugins\com.st.stm32cube.common.mx_6.1.1.202012091304
2026-08-14 10:37:35,723 [INFO] MainUpdater:2644 - connection check result : 10
2026-08-14 10:37:35,723 [INFO] MainUpdater:249 - Updater Check For Update Now.
2026-08-14 10:37:35,723 [INFO] MicroXplorer:415 - Change Database Version : DB.6.0.10
2026-08-14 10:37:35,785 [INFO] CheckServerUpdateThread:102 - End of CheckServer Thread
2026-08-14 10:37:35,842 [INFO] MainUpdater:2644 - connection check result : 10
2026-08-14 10:37:35,842 [INFO] MainUpdater:2644 - connection check result : 10
2026-08-14 10:37:36,003 [INFO] MicroXplorer:385 - Change Database Path : 
2026-08-14 10:37:36,003 [INFO] MicroXplorer:415 - Change Database Version : DB.6.0.10
2026-08-14 10:37:36,003 [WARN] ThirdParty:783 - waiting for thirdparty lock release [close project]
2026-08-14 10:37:36,003 [INFO] ThirdParty:785 - entering critical section [close project]
2026-08-14 10:37:36,003 [INFO] ThirdParty:796 - exiting critical section [close project]
2026-08-14 10:37:36,003 [INFO] PinOutPanel:1434 - setPackage(No Configuration,No Configuration)
2026-08-14 10:37:36,003 [INFO] UtilMem:74 - Begin LoadConfig() Used Memory: 770179952 Bytes (1012924416)
2026-08-14 10:37:36,003 [INFO] MicroXplorer:385 - Change Database Path : 
2026-08-14 10:37:36,003 [INFO] MicroXplorer:415 - Change Database Version : DB.6.0.10
2026-08-14 10:37:36,003 [INFO] OpenFileManager:274 - Change cursor
2026-08-14 10:37:36,008 [WARN] ThirdParty:204 - Use empty third party IP manager
2026-08-14 10:37:36,008 [WARN] IntegrityCheckThread:59 - waiting for thirdparty lock release [integrity check]
2026-08-14 10:37:36,008 [INFO] IntegrityCheckThread:61 - entering critical section [integrity check]
2026-08-14 10:37:36,154 [ERROR] Engine:500 - C:\Users\Alunos\.stm32cubemx\thirdparties\pdsc\STMicroelectronics.FP-SNS-MOTENVWB1.1.4.0.pdsc: PDSC version is not supported
2026-08-14 10:37:36,208 [ERROR] Engine:500 - C:\Users\Alunos\.stm32cubemx\thirdparties\pdsc\STMicroelectronics.X-CUBE-SMBUS.2.1.1.pdsc: PDSC version is not supported
2026-08-14 10:37:36,223 [ERROR] Engine:500 - C:\Users\Alunos\.stm32cubemx\thirdparties\pdsc\STMicroelectronics.X-CUBE-SMBUS.2.1.0.pdsc: PDSC version is not supported
2026-08-14 10:37:36,255 [ERROR] Engine:500 - C:\Users\Alunos\.stm32cubemx\thirdparties\pdsc\STMicroelectronics.X-CUBE-ST60.1.0.0.pdsc: PDSC version is not supported
2026-08-14 10:37:36,286 [ERROR] Engine:500 - C:\Users\Alunos\.stm32cubemx\thirdparties\pdsc\STMicroelectronics.X-CUBE-FREERTOS.1.6.0.pdsc: PDSC version is not supported
2026-08-14 10:37:36,308 [ERROR] Engine:500 - C:\Users\Alunos\.stm32cubemx\thirdparties\pdsc\STMicroelectronics.FP-SNS-MOTENV1.5.1.0.pdsc: PDSC version is not supported
2026-08-14 10:37:36,339 [ERROR] Engine:500 - C:\Users\Alunos\.stm32cubemx\thirdparties\pdsc\STMicroelectronics.FP-SNS-FLIGHT1.5.0.2.pdsc: PDSC version is not supported
2026-08-14 10:37:36,355 [ERROR] Engine:500 - C:\Users\Alunos\.stm32cubemx\thirdparties\pdsc\Infineon.AIROC-Wi-Fi-Bluetooth-STM32.1.7.0.pdsc: PDSC version is not supported
2026-08-14 10:37:36,387 [ERROR] Engine:500 - C:\Users\Alunos\.stm32cubemx\thirdparties\pdsc\STMicroelectronics.X-CUBE-DISPLAY.3.0.0.pdsc: PDSC version is not supported
2026-08-14 10:37:36,408 [ERROR] Engine:500 - C:\Users\Alunos\.stm32cubemx\thirdparties\pdsc\STMicroelectronics.FP-SNS-MOTENVWB1.1.5.0.pdsc: PDSC version is not supported
2026-08-14 10:37:36,456 [ERROR] Engine:500 - C:\Users\Alunos\.stm32cubemx\thirdparties\pdsc\STMicroelectronics.X-CUBE-BLEMGR.4.0.0.pdsc: PDSC version is not supported
2026-08-14 10:37:36,456 [ERROR] Engine:500 - C:\Users\Alunos\.stm32cubemx\thirdparties\pdsc\STMicroelectronics.X-CUBE-ST60.1.1.0.pdsc: PDSC version is not supported
2026-08-14 10:37:36,472 [ERROR] Engine:500 - C:\Users\Alunos\.stm32cubemx\thirdparties\pdsc\emotas.I-CUBE-CANOPEN.1.3.0.pdsc: PDSC version is not supported
2026-08-14 10:37:36,472 [ERROR] Engine:500 - C:\Users\Alunos\.stm32cubemx\thirdparties\pdsc\STMicroelectronics.X-CUBE-WBA.1.1.0.pdsc: PDSC version is not supported
2026-08-14 10:37:36,514 [ERROR] Engine:500 - C:\Users\Alunos\.stm32cubemx\thirdparties\pdsc\STMicroelectronics.FP-SNS-STBOX1.2.1.0.pdsc: PDSC version is not supported
2026-08-14 10:37:36,521 [ERROR] Engine:500 - C:\Users\Alunos\.stm32cubemx\thirdparties\pdsc\STMicroelectronics.FP-SNS-SMARTAG2.1.2.0.pdsc: PDSC version is not supported
2026-08-14 10:37:36,529 [ERROR] Engine:500 - C:\Users\Alunos\.stm32cubemx\thirdparties\pdsc\STMicroelectronics.FP-SNS-FLIGHT1.5.1.0.pdsc: PDSC version is not supported
2026-08-14 10:37:36,688 [INFO] LogOutputStream:76 - [STDOUT_REDIRECT] 1 : Invalid condition id : UX_CORESTACK_Condition cause : null
2026-08-14 10:37:36,703 [INFO] LogOutputStream:76 - [STDOUT_REDIRECT] 1 : Invalid condition id : UX_CORESTACK_Condition cause : null
2026-08-14 10:37:36,703 [INFO] LogOutputStream:76 - [STDOUT_REDIRECT] 1 : Invalid condition id : UX_CORESTACK_Condition cause : null
2026-08-14 10:37:36,708 [INFO] LogOutputStream:76 - [STDOUT_REDIRECT] 1 : Invalid condition id : UX_CORESTACK_Condition cause : null
2026-08-14 10:37:36,708 [INFO] LogOutputStream:76 - [STDOUT_REDIRECT] 1 : Invalid condition id : UX_CORESTACK_Condition cause : null
2026-08-14 10:37:36,731 [ERROR] Engine:500 - C:\Users\Alunos\.stm32cubemx\thirdparties\pdsc\STMicroelectronics.FP-SNS-MOTENV1.5.0.0.pdsc: PDSC version is not supported
2026-08-14 10:37:36,845 [ERROR] Engine:500 - C:\Users\Alunos\.stm32cubemx\thirdparties\pdsc\Avnet-IOTCONNECT.X-CUBE-iotc-st67-sdk.1.0.0.pdsc: PDSC version is not supported
2026-08-14 10:37:36,903 [ERROR] Engine:500 - C:\Users\Alunos\.stm32cubemx\thirdparties\pdsc\STMicroelectronics.X-CUBE-FREERTOS.1.4.0.pdsc: PDSC version is not supported
2026-08-14 10:37:36,932 [ERROR] Engine:500 - C:\Users\Alunos\.stm32cubemx\thirdparties\pdsc\STMicroelectronics.X-CUBE-ST67W61.1.1.0.pdsc: PDSC version is not supported
2026-08-14 10:37:36,958 [ERROR] Engine:500 - C:\Users\Alunos\.stm32cubemx\thirdparties\pdsc\STMicroelectronics.FP-SNS-STAIOTCFT.1.1.0.pdsc: PDSC version is not supported
2026-08-14 10:37:37,270 [ERROR] Engine:500 - C:\Users\Alunos\.stm32cubemx\thirdparties\pdsc\EmbeddedOffice.I-CUBE-FS-RTOS.1.0.1.pdsc: PDSC version is not supported
2026-08-14 10:37:37,287 [ERROR] Engine:500 - C:\Users\Alunos\.stm32cubemx\thirdparties\pdsc\STMicroelectronics.X-CUBE-TCPP.4.2.0.pdsc: PDSC version is not supported
2026-08-14 10:37:37,303 [ERROR] Engine:500 - C:\Users\Alunos\.stm32cubemx\thirdparties\pdsc\RealThread.X-CUBE-RT-Thread_Nano.4.1.1.pdsc: PDSC version is not supported
2026-08-14 10:37:37,318 [ERROR] Engine:500 - C:\Users\Alunos\.stm32cubemx\thirdparties\pdsc\quantropi.X-CUBE-qispace-sdk-base.1.9.3.pdsc: PDSC version is not supported
2026-08-14 10:37:37,334 [ERROR] Engine:500 - C:\Users\Alunos\.stm32cubemx\thirdparties\pdsc\STMicroelectronics.X-CUBE-FREERTOS.1.5.0.pdsc: PDSC version is not supported
2026-08-14 10:37:37,357 [ERROR] Engine:500 - C:\Users\Alunos\.stm32cubemx\thirdparties\pdsc\ITTIA_DB.I-CUBE-ITTIADB.8.9.0.pdsc: PDSC version is not supported
2026-08-14 10:37:37,373 [ERROR] Engine:500 - C:\Users\Alunos\.stm32cubemx\thirdparties\pdsc\STMicroelectronics.X-CUBE-ST67W61.1.0.0.pdsc: PDSC version is not supported
2026-08-14 10:37:37,864 [ERROR] Engine:500 - C:\Users\Alunos\.stm32cubemx\thirdparties\pdsc\Avnet-IotConnect.X-CUBE-IoTC-DA16k-PMOD.1.0.0.pdsc: PDSC version is not supported
2026-08-14 10:37:37,888 [ERROR] Engine:500 - C:\Users\Alunos\.stm32cubemx\thirdparties\pdsc\STMicroelectronics.X-CUBE-IPS.3.2.0.pdsc: PDSC version is not supported
2026-08-14 10:37:37,896 [ERROR] Engine:500 - C:\Users\Alunos\.stm32cubemx\thirdparties\pdsc\STMicroelectronics.eDS-WB_DPC_TT-BIDIR.2.1.1.pdsc: PDSC version is not supported
2026-08-14 10:37:37,970 [ERROR] Engine:500 - C:\Users\Alunos\.stm32cubemx\thirdparties\pdsc\STMicroelectronics.X-CUBE-DPower.1.2.0.pdsc: PDSC version is not supported
2026-08-14 10:37:37,982 [ERROR] Engine:500 - C:\Users\Alunos\.stm32cubemx\thirdparties\pdsc\STMicroelectronics.eDS-WB_DPC_VIENNA.1.2.0.pdsc: PDSC version is not supported
2026-08-14 10:37:38,053 [ERROR] Engine:500 - C:\Users\Alunos\.stm32cubemx\thirdparties\pdsc\STMicroelectronics.eDS-WB_DPC_3PH2L-BIDIR.1.1.1.pdsc: PDSC version is not supported
2026-08-14 10:37:38,065 [ERROR] Engine:500 - C:\Users\Alunos\.stm32cubemx\thirdparties\pdsc\STMicroelectronics.X-CUBE-ST67W61.1.3.0.pdsc: PDSC version is not supported
2026-08-14 10:37:38,073 [ERROR] Engine:500 - C:\Users\Alunos\.stm32cubemx\thirdparties\pdsc\STMicroelectronics.X-CUBE-FREERTOS.1.3.1.pdsc: PDSC version is not supported
2026-08-14 10:37:38,084 [ERROR] Engine:500 - C:\Users\Alunos\.stm32cubemx\thirdparties\pdsc\STMicroelectronics.X-CUBE-FREERTOS.1.3.0.pdsc: PDSC version is not supported
2026-08-14 10:37:38,124 [ERROR] Engine:500 - C:\Users\Alunos\.stm32cubemx\thirdparties\pdsc\STMicroelectronics.FP-SNS-STAIOTCFT.1.0.0.pdsc: PDSC version is not supported
2026-08-14 10:37:38,136 [ERROR] Engine:500 - C:\Users\Alunos\.stm32cubemx\thirdparties\pdsc\STMicroelectronics.X-CUBE-DPower.1.3.0.pdsc: PDSC version is not supported
2026-08-14 10:37:38,160 [WARN] ConditionMgr:437 - getConditionDescription Invalid condition id : LAN8742 Phy interface Condition cause : null
2026-08-14 10:37:38,160 [WARN] ConditionMgr:1040 - genDependencies : Invalid condition id : LAN8742 Phy interface Condition cause : null
2026-08-14 10:37:38,160 [WARN] ConditionMgr:1040 - genDependencies : Invalid condition id : LAN8742 Phy interface Condition cause : null
2026-08-14 10:37:38,160 [WARN] ConditionMgr:1040 - genDependencies : Invalid condition id : LAN8742 Phy interface Condition cause : null
2026-08-14 10:37:38,200 [ERROR] Engine:500 - C:\Users\Alunos\.stm32cubemx\thirdparties\pdsc\STMicroelectronics.X-CUBE-ST67W61.1.2.0.pdsc: PDSC version is not supported
2026-08-14 10:37:38,285 [ERROR] Engine:500 - C:\Users\Alunos\.stm32cubemx\thirdparties\pdsc\STMicroelectronics.X-CUBE-BLEMGR.4.1.0.pdsc: PDSC version is not supported
2026-08-14 10:37:38,298 [WARN] ConditionMgr:437 - getConditionDescription Invalid condition id : UX DEVICE CLASS RTOS Condition cause : null
2026-08-14 10:37:38,298 [WARN] ConditionMgr:437 - getConditionDescription Invalid condition id : UX DEVICE CLASS RTOS Condition cause : null
2026-08-14 10:37:38,298 [WARN] ConditionMgr:1040 - genDependencies : Invalid condition id : UX DEVICE CLASS RTOS Condition cause : null
2026-08-14 10:37:38,298 [WARN] ConditionMgr:1040 - genDependencies : Invalid condition id : UX DEVICE CLASS RTOS Condition cause : null
2026-08-14 10:37:38,302 [WARN] ConditionMgr:1040 - genDependencies : Invalid condition id : UX DEVICE CLASS RTOS Condition cause : null
2026-08-14 10:37:38,302 [WARN] ConditionMgr:1040 - genDependencies : Invalid condition id : UX DEVICE CLASS RTOS Condition cause : null
2026-08-14 10:37:38,302 [WARN] ConditionMgr:1040 - genDependencies : Invalid condition id : UX DEVICE CLASS RTOS Condition cause : null
2026-08-14 10:37:38,330 [ERROR] Engine:500 - C:\Users\Alunos\.stm32cubemx\thirdparties\pdsc\STMicroelectronics.FP-SNS-STBOX1.2.0.0.pdsc: PDSC version is not supported
2026-08-14 10:37:38,417 [ERROR] Engine:500 - C:\Users\Alunos\.stm32cubemx\thirdparties\pdsc\Cesanta.I-CUBE-Mongoose.7.13.0.pdsc: PDSC version is not supported
2026-08-14 10:37:38,466 [ERROR] Engine:500 - C:\Users\Alunos\.stm32cubemx\thirdparties\pdsc\STMicroelectronics.X-CUBE-IPS.3.1.0.pdsc: PDSC version is not supported
2026-08-14 10:37:38,476 [ERROR] Engine:500 - C:\Users\Alunos\.stm32cubemx\thirdparties\pdsc\STMicroelectronics.X-CUBE-BLEMGR.4.2.0.pdsc: PDSC version is not supported
2026-08-14 10:37:38,484 [ERROR] Engine:500 - C:\Users\Alunos\.stm32cubemx\thirdparties\pdsc\STMicroelectronics.X-CUBE-ALS.1.0.2.pdsc: PDSC version is not supported
2026-08-14 10:37:38,548 [ERROR] Engine:500 - C:\Users\Alunos\.stm32cubemx\thirdparties\pdsc\STMicroelectronics.X-CUBE-TOF1.3.4.2.pdsc: PDSC version is not supported
2026-08-14 10:37:38,558 [ERROR] Engine:500 - C:\Users\Alunos\.stm32cubemx\thirdparties\pdsc\STMicroelectronics.X-CUBE-TOF1.3.4.3.pdsc: PDSC version is not supported
2026-08-14 10:37:38,558 [INFO] ThirdParty:887 - Integrity check success = true
2026-08-14 10:37:38,558 [INFO] IntegrityCheckThread:75 - exiting critical section [integrity check]
2026-08-14 10:37:38,558 [INFO] IntegrityCheckThread:78 - End integrity checks thread
2026-08-14 10:37:39,419 [WARN] ApiManager:294 - Cannot register API 'Board Extension:PM33A1' from pack STMicroelectronics.X-CUBE-PM33A1.1.0.0: no header file found
2026-08-14 10:37:39,424 [WARN] ApiManager:294 - Cannot register API 'Board Extension:NFC09A1' from pack STMicroelectronics.X-CUBE-NFC9.1.0.0: no header file found
2026-08-14 10:37:39,424 [WARN] ApiManager:294 - Cannot register API 'Wireless:BlueNRG-MS' from pack STMicroelectronics.X-CUBE-BLE1.7.1.0: no header file found
2026-08-14 10:37:39,424 [WARN] ApiManager:294 - Cannot register API 'Wireless:STM32WB05N' from pack STMicroelectronics.X-CUBE-WB05N.1.1.0: no header file found
2026-08-14 10:37:39,429 [WARN] ApiManager:294 - Cannot register API 'Board Extension:EEPRMA2' from pack STMicroelectronics.X-CUBE-EEPRMA1.5.2.0: no header file found
2026-08-14 10:37:39,429 [WARN] ApiManager:294 - Cannot register API 'Board Extension:PGEEZ1' from pack STMicroelectronics.X-CUBE-EEPRMA1.5.2.0: no header file found
2026-08-14 10:37:39,429 [WARN] ApiManager:294 - Cannot register API 'Board Extension:EEICA1' from pack STMicroelectronics.X-CUBE-EEPRMA1.5.2.0: no header file found
2026-08-14 10:37:39,429 [WARN] ApiManager:294 - Cannot register API 'Board Part:M24' from pack STMicroelectronics.X-CUBE-EEPRMA1.5.2.0: no header file found
2026-08-14 10:37:39,429 [WARN] ApiManager:294 - Cannot register API 'Board Part:M95' from pack STMicroelectronics.X-CUBE-EEPRMA1.5.2.0: no header file found
2026-08-14 10:37:39,429 [WARN] ApiManager:294 - Cannot register API 'Board Part:M95P32' from pack STMicroelectronics.X-CUBE-EEPRMA1.5.2.0: no header file found
2026-08-14 10:37:39,429 [WARN] ApiManager:294 - Cannot register API 'Board Part:M24256E-F' from pack STMicroelectronics.X-CUBE-EEPRMA1.5.2.0: no header file found
2026-08-14 10:37:39,429 [WARN] ApiManager:294 - Cannot register API 'Board Part:M24M01E-F' from pack STMicroelectronics.X-CUBE-EEPRMA1.5.2.0: no header file found
2026-08-14 10:37:39,429 [WARN] ApiManager:294 - Cannot register API 'PGEEZ1:SPI' from pack STMicroelectronics.X-CUBE-EEPRMA1.5.2.0: no header file found
2026-08-14 10:37:39,429 [WARN] ApiManager:294 - Cannot register API 'PGEEZ1:QDSPI' from pack STMicroelectronics.X-CUBE-EEPRMA1.5.2.0: no header file found
2026-08-14 10:37:39,429 [WARN] ApiManager:294 - Cannot register API 'Board Extension:GNSS1A1' from pack STMicroelectronics.X-CUBE-GNSS1.7.0.1: no header file found
2026-08-14 10:37:39,429 [WARN] ApiManager:294 - Cannot register API 'Board Support:Custom' from pack STMicroelectronics.X-CUBE-GNSS1.7.0.1: no header file found
2026-08-14 10:37:39,429 [WARN] ApiManager:294 - Cannot register API 'Data Exchange:lib_gnss' from pack STMicroelectronics.X-CUBE-GNSS1.7.0.1: no header file found
2026-08-14 10:37:39,429 [WARN] ApiManager:294 - Cannot register API 'Board Extension:NFC12A1' from pack STMicroelectronics.X-CUBE-NFC12.1.0.0: no header file found
2026-08-14 10:37:39,437 [WARN] ApiManager:294 - Cannot register API 'Board Extension:NFC06A1' from pack STMicroelectronics.X-CUBE-NFC6.3.1.0: no header file found
2026-08-14 10:37:39,437 [WARN] ApiManager:294 - Cannot register API 'Board Extension:NFC08A1' from pack STMicroelectronics.X-CUBE-NFC6.3.1.0: no header file found
2026-08-14 10:37:39,453 [WARN] ApiManager:294 - Cannot register API 'Board Extension:IKS02A1' from pack STMicroelectronics.X-CUBE-MEMS1.12.0.0: no header file found
2026-08-14 10:37:39,453 [WARN] ApiManager:294 - Cannot register API 'Board Extension:IKS4A1' from pack STMicroelectronics.X-CUBE-MEMS1.12.0.0: no header file found
2026-08-14 10:37:39,453 [WARN] ApiManager:294 - Cannot register API 'Board Extension:IKS5A1' from pack STMicroelectronics.X-CUBE-MEMS1.12.0.0: no header file found
2026-08-14 10:37:39,459 [WARN] ApiManager:294 - Cannot register API 'Board Extension:SAFEA1' from pack STMicroelectronics.X-CUBE-STSE01.2.0.0: no header file found
2026-08-14 10:37:39,459 [WARN] ApiManager:294 - Cannot register API 'Board Extension:ESE01A1' from pack STMicroelectronics.X-CUBE-STSE01.2.0.0: no header file found
2026-08-14 10:37:39,459 [WARN] ApiManager:294 - Cannot register API 'Board Extension:ESE02A1' from pack STMicroelectronics.X-CUBE-STSE01.2.0.0: no header file found
2026-08-14 10:37:39,459 [WARN] ApiManager:294 - Cannot register API 'Board Part:STSAFEA110' from pack STMicroelectronics.X-CUBE-STSE01.2.0.0: no header file found
2026-08-14 10:37:39,459 [WARN] ApiManager:294 - Cannot register API 'Board Part:STSAFEA120' from pack STMicroelectronics.X-CUBE-STSE01.2.0.0: no header file found
2026-08-14 10:37:39,459 [WARN] ApiManager:294 - Cannot register API 'Board Part:STSAFEL010' from pack STMicroelectronics.X-CUBE-STSE01.2.0.0: no header file found
2026-08-14 10:37:39,459 [WARN] ApiManager:294 - Cannot register API 'Security:STM32_Cryptographic' from pack STMicroelectronics.X-CUBE-STSE01.2.0.0: no header file found
2026-08-14 10:37:39,459 [WARN] ApiManager:294 - Cannot register API 'Security:STSELib' from pack STMicroelectronics.X-CUBE-STSE01.2.0.0: no header file found
2026-08-14 10:37:39,479 [WARN] ApiManager:294 - Cannot register API 'Board Extension:IKS01A3' from pack STMicroelectronics.X-CUBE-MEMS1.11.2.0: no header file found
2026-08-14 10:37:39,479 [WARN] ApiManager:294 - Cannot register API 'Board Extension:IKS02A1' from pack STMicroelectronics.X-CUBE-MEMS1.11.2.0: no header file found
2026-08-14 10:37:39,479 [WARN] ApiManager:294 - Cannot register API 'Board Extension:IKS4A1' from pack STMicroelectronics.X-CUBE-MEMS1.11.2.0: no header file found
2026-08-14 10:37:39,484 [INFO] RtosManager:464 - Registered RTOS mode: class=CMSIS, group=RTOS, mode=CMSIS_V1, owner=FREERTOS
2026-08-14 10:37:39,484 [INFO] RtosManager:464 - Registered RTOS mode: class=CMSIS, group=RTOS2, mode=CMSIS_V2, owner=FREERTOS
2026-08-14 10:37:39,484 [INFO] RtosManager:464 - Registered RTOS mode: class=RTOS, group=Core, mode=CMSIS_V1, owner=FREERTOS
2026-08-14 10:37:39,484 [INFO] RtosManager:464 - Registered RTOS mode: class=RTOS, group=Core, mode=CMSIS_V2, owner=FREERTOS
2026-08-14 10:37:39,484 [WARN] ModelIntegratedComponent:182 - Missing modes for component STMicroelectronics:FreeRTOS:0.0.1:STMicroelectronics:RTOS:FreeRTOS:Core:::10.2.0:
2026-08-14 10:37:39,487 [WARN] ApiManager:294 - Cannot register API 'Board Extension:STSAFEA1' from pack STMicroelectronics.X-CUBE-SAFEA1.1.2.2: no header file found
2026-08-14 10:37:39,487 [WARN] ApiManager:294 - Cannot register API 'Board Part:STSAFEA110' from pack STMicroelectronics.X-CUBE-SAFEA1.1.2.2: no header file found
2026-08-14 10:37:39,487 [WARN] ApiManager:294 - Cannot register API 'Security:ST_Cryptolib' from pack STMicroelectronics.X-CUBE-SAFEA1.1.2.2: no header file found
2026-08-14 10:37:39,487 [WARN] ApiManager:294 - Cannot register API 'Security:MbedTLS' from pack STMicroelectronics.X-CUBE-SAFEA1.1.2.2: no header file found
2026-08-14 10:37:39,487 [WARN] ApiManager:294 - Cannot register API 'Board Extension:NFC04A1' from pack STMicroelectronics.X-CUBE-NFC4.3.0.0: no header file found
2026-08-14 10:37:39,489 [WARN] ApiManager:294 - Cannot register API 'Board Extension:S2868A1' from pack STMicroelectronics.X-CUBE-SUBG2.5.0.0: no header file found
2026-08-14 10:37:39,489 [WARN] ApiManager:294 - Cannot register API 'Board Extension:S2868A2' from pack STMicroelectronics.X-CUBE-SUBG2.5.0.0: no header file found
2026-08-14 10:37:39,489 [WARN] ApiManager:294 - Cannot register API 'Board Extension:S2915A1' from pack STMicroelectronics.X-CUBE-SUBG2.5.0.0: no header file found
2026-08-14 10:37:39,504 [WARN] ApiManager:294 - Cannot register API 'Board Extension:IKS02A1' from pack STMicroelectronics.X-CUBE-MEMS1.13.0.0: no header file found
2026-08-14 10:37:39,504 [WARN] ApiManager:294 - Cannot register API 'Board Extension:IKS4A1' from pack STMicroelectronics.X-CUBE-MEMS1.13.0.0: no header file found
2026-08-14 10:37:39,504 [WARN] ApiManager:294 - Cannot register API 'Board Extension:IKS5A1' from pack STMicroelectronics.X-CUBE-MEMS1.13.0.0: no header file found
2026-08-14 10:37:39,504 [WARN] ApiManager:294 - Cannot register API 'Wireless:STM32WB05N' from pack STMicroelectronics.X-CUBE-WB05N.2.0.0: no header file found
2026-08-14 10:37:39,509 [WARN] ApiManager:294 - Cannot register API 'Board Extension:NFC07A1' from pack STMicroelectronics.X-CUBE-NFC7.2.0.0: no header file found
2026-08-14 10:37:39,509 [WARN] ApiManager:294 - Cannot register API 'Board Extension:GNSS1A1' from pack STMicroelectronics.X-CUBE-GNSS1.7.1.1: no header file found
2026-08-14 10:37:39,509 [WARN] ApiManager:294 - Cannot register API 'Board Support:Custom' from pack STMicroelectronics.X-CUBE-GNSS1.7.1.1: no header file found
2026-08-14 10:37:39,509 [WARN] ApiManager:294 - Cannot register API 'Data Exchange:lib_gnss' from pack STMicroelectronics.X-CUBE-GNSS1.7.1.1: no header file found
2026-08-14 10:37:39,509 [WARN] ApiManager:294 - Cannot register API 'Wireless:BlueNRG-MS' from pack STMicroelectronics.X-CUBE-BLE1.7.0.0: no header file found
2026-08-14 10:37:39,509 [WARN] ApiManager:294 - Cannot register API 'Board Extension:NFC10A1' from pack STMicroelectronics.X-CUBE-NFC10.1.0.0: no header file found
2026-08-14 10:37:39,509 [WARN] ApiManager:294 - Cannot register API 'Board Extension:EEPRMA2' from pack STMicroelectronics.X-CUBE-EEPRMA1.5.1.0: no header file found
2026-08-14 10:37:39,509 [WARN] ApiManager:294 - Cannot register API 'Board Extension:PGEEZ1' from pack STMicroelectronics.X-CUBE-EEPRMA1.5.1.0: no header file found
2026-08-14 10:37:39,509 [WARN] ApiManager:294 - Cannot register API 'Board Extension:EEICA1' from pack STMicroelectronics.X-CUBE-EEPRMA1.5.1.0: no header file found
2026-08-14 10:37:39,509 [WARN] ApiManager:294 - Cannot register API 'Board Part:M24' from pack STMicroelectronics.X-CUBE-EEPRMA1.5.1.0: no header file found
2026-08-14 10:37:39,509 [WARN] ApiManager:294 - Cannot register API 'Board Part:M95' from pack STMicroelectronics.X-CUBE-EEPRMA1.5.1.0: no header file found
2026-08-14 10:37:39,509 [WARN] ApiManager:294 - Cannot register API 'Board Part:M95P32' from pack STMicroelectronics.X-CUBE-EEPRMA1.5.1.0: no header file found
2026-08-14 10:37:39,509 [WARN] ApiManager:294 - Cannot register API 'Board Part:M24256E-F' from pack STMicroelectronics.X-CUBE-EEPRMA1.5.1.0: no header file found
2026-08-14 10:37:39,509 [WARN] ApiManager:294 - Cannot register API 'Board Part:M24M01E-F' from pack STMicroelectronics.X-CUBE-EEPRMA1.5.1.0: no header file found
2026-08-14 10:37:39,509 [WARN] ApiManager:294 - Cannot register API 'PGEEZ1:SPI' from pack STMicroelectronics.X-CUBE-EEPRMA1.5.1.0: no header file found
2026-08-14 10:37:39,509 [WARN] ApiManager:294 - Cannot register API 'PGEEZ1:QDSPI' from pack STMicroelectronics.X-CUBE-EEPRMA1.5.1.0: no header file found
2026-08-14 10:37:39,509 [WARN] ModelIntegratedComponent:51 - No mode defined for component null
2026-08-14 10:37:39,509 [WARN] ModelIntegratedComponent:51 - No mode defined for component null
2026-08-14 10:37:39,509 [WARN] ModelIntegratedComponent:51 - No mode defined for component null
2026-08-14 10:37:39,509 [WARN] ModelIntegratedComponent:51 - No mode defined for component null
2026-08-14 10:37:39,509 [WARN] ModelIntegratedComponent:51 - No mode defined for component null
2026-08-14 10:37:39,509 [WARN] ModelIntegratedComponent:51 - No mode defined for component null
2026-08-14 10:37:39,509 [WARN] ModelIntegratedComponent:51 - No mode defined for component null
2026-08-14 10:37:39,509 [WARN] ModelIntegratedComponent:51 - No mode defined for component null
2026-08-14 10:37:39,509 [WARN] ModelIntegratedComponent:51 - No mode defined for component null
2026-08-14 10:37:39,509 [WARN] ModelIntegratedComponent:51 - No mode defined for component null
2026-08-14 10:37:39,509 [WARN] ModelIntegratedComponent:51 - No mode defined for component null
2026-08-14 10:37:39,509 [WARN] ModelIntegratedComponent:51 - No mode defined for component null
2026-08-14 10:37:39,509 [WARN] ModelIntegratedComponent:51 - No mode defined for component null
2026-08-14 10:37:39,509 [WARN] ModelIntegratedComponent:51 - No mode defined for component null
2026-08-14 10:37:39,509 [WARN] ModelIntegratedComponent:51 - No mode defined for component null
2026-08-14 10:37:39,509 [WARN] ModelIntegratedComponent:51 - No mode defined for component null
2026-08-14 10:37:39,509 [WARN] ModelIntegratedComponent:51 - No mode defined for component null
2026-08-14 10:37:39,509 [WARN] ModelIntegratedComponent:51 - No mode defined for component null
2026-08-14 10:37:39,509 [WARN] ModelIntegratedComponent:51 - No mode defined for component null
2026-08-14 10:37:39,509 [WARN] ModelIntegratedComponent:51 - No mode defined for component null
2026-08-14 10:37:39,509 [WARN] ModelIntegratedComponent:51 - No mode defined for component null
2026-08-14 10:37:39,509 [WARN] ModelIntegratedComponent:51 - No mode defined for component null
2026-08-14 10:37:39,509 [WARN] ModelIntegratedComponent:51 - No mode defined for component null
2026-08-14 10:37:39,509 [WARN] ModelIntegratedComponent:51 - No mode defined for component null
2026-08-14 10:37:39,509 [WARN] ModelIntegratedComponent:51 - No mode defined for component null
2026-08-14 10:37:39,509 [WARN] ModelIntegratedComponent:51 - No mode defined for component null
2026-08-14 10:37:39,509 [WARN] ModelIntegratedComponent:51 - No mode defined for component null
2026-08-14 10:37:39,509 [WARN] ModelIntegratedComponent:51 - No mode defined for component null
2026-08-14 10:37:39,509 [WARN] ModelIntegratedComponent:51 - No mode defined for component null
2026-08-14 10:37:39,509 [WARN] ModelIntegratedComponent:51 - No mode defined for component null
2026-08-14 10:37:39,509 [WARN] ModelIntegratedComponent:51 - No mode defined for component null
2026-08-14 10:37:39,509 [WARN] ModelIntegratedComponent:51 - No mode defined for component null
2026-08-14 10:37:39,509 [WARN] ModelIntegratedComponent:51 - No mode defined for component null
2026-08-14 10:37:39,509 [WARN] ModelIntegratedComponent:51 - No mode defined for component null
2026-08-14 10:37:39,509 [WARN] ModelIntegratedComponent:51 - No mode defined for component null
2026-08-14 10:37:39,509 [WARN] ModelIntegratedComponent:51 - No mode defined for component null
2026-08-14 10:37:39,509 [WARN] ModelIntegratedComponent:51 - No mode defined for component null
2026-08-14 10:37:39,509 [WARN] ModelIntegratedComponent:51 - No mode defined for component null
2026-08-14 10:37:39,509 [WARN] ApiManager:294 - Cannot register API 'Board Extension:NFC07A1' from pack STMicroelectronics.X-CUBE-NFC7.1.0.1: no header file found
2026-08-14 10:37:39,509 [WARN] ApiManager:294 - Cannot register API 'Board Extension:GNSS1A1' from pack STMicroelectronics.X-CUBE-GNSS1.7.1.0: no header file found
2026-08-14 10:37:39,509 [WARN] ApiManager:294 - Cannot register API 'Board Support:Custom' from pack STMicroelectronics.X-CUBE-GNSS1.7.1.0: no header file found
2026-08-14 10:37:39,509 [WARN] ApiManager:294 - Cannot register API 'Data Exchange:lib_gnss' from pack STMicroelectronics.X-CUBE-GNSS1.7.1.0: no header file found
2026-08-14 10:37:39,509 [WARN] ApiManager:294 - Cannot register API 'Board Extension:SAFEA1' from pack STMicroelectronics.X-CUBE-STSE01.1.0.0: no header file found
2026-08-14 10:37:39,509 [WARN] ApiManager:294 - Cannot register API 'Board Extension:ESE01A1' from pack STMicroelectronics.X-CUBE-STSE01.1.0.0: no header file found
2026-08-14 10:37:39,509 [WARN] ApiManager:294 - Cannot register API 'Board Part:STSAFEA110' from pack STMicroelectronics.X-CUBE-STSE01.1.0.0: no header file found
2026-08-14 10:37:39,509 [WARN] ApiManager:294 - Cannot register API 'Board Part:STSAFEA120' from pack STMicroelectronics.X-CUBE-STSE01.1.0.0: no header file found
2026-08-14 10:37:39,509 [WARN] ApiManager:294 - Cannot register API 'Security:STM32_Cryptographic' from pack STMicroelectronics.X-CUBE-STSE01.1.0.0: no header file found
2026-08-14 10:37:39,509 [WARN] ApiManager:294 - Cannot register API 'Security:STSELib' from pack STMicroelectronics.X-CUBE-STSE01.1.0.0: no header file found
2026-08-14 10:37:39,509 [WARN] ApiManager:294 - Cannot register API 'Board Extension:NFC06A1' from pack STMicroelectronics.X-CUBE-NFC6.3.2.0: no header file found
2026-08-14 10:37:39,509 [WARN] ApiManager:294 - Cannot register API 'Board Extension:NFC08A1' from pack STMicroelectronics.X-CUBE-NFC6.3.2.0: no header file found
2026-08-14 10:37:39,529 [WARN] ApiManager:294 - Cannot register API 'Board Extension:IKS02A1' from pack STMicroelectronics.X-CUBE-MEMS1.12.1.0: no header file found
2026-08-14 10:37:39,529 [WARN] ApiManager:294 - Cannot register API 'Board Extension:IKS4A1' from pack STMicroelectronics.X-CUBE-MEMS1.12.1.0: no header file found
2026-08-14 10:37:39,529 [WARN] ApiManager:294 - Cannot register API 'Board Extension:IKS5A1' from pack STMicroelectronics.X-CUBE-MEMS1.12.1.0: no header file found
2026-08-14 10:37:39,549 [WARN] ApiManager:294 - Cannot register API 'Board Extension:IKS01A3' from pack STMicroelectronics.X-CUBE-MEMS1.11.1.0: no header file found
2026-08-14 10:37:39,549 [WARN] ApiManager:294 - Cannot register API 'Board Extension:IKS02A1' from pack STMicroelectronics.X-CUBE-MEMS1.11.1.0: no header file found
2026-08-14 10:37:39,549 [WARN] ApiManager:294 - Cannot register API 'Board Extension:IKS4A1' from pack STMicroelectronics.X-CUBE-MEMS1.11.1.0: no header file found
2026-08-14 10:37:39,579 [WARN] ApiManager:294 - Cannot register API 'Board Extension:IKS01A3' from pack STMicroelectronics.X-CUBE-MEMS1.11.3.0: no header file found
2026-08-14 10:37:39,579 [WARN] ApiManager:294 - Cannot register API 'Board Extension:IKS02A1' from pack STMicroelectronics.X-CUBE-MEMS1.11.3.0: no header file found
2026-08-14 10:37:39,579 [WARN] ApiManager:294 - Cannot register API 'Board Extension:IKS4A1' from pack STMicroelectronics.X-CUBE-MEMS1.11.3.0: no header file found
2026-08-14 10:37:39,589 [WARN] ApiManager:294 - Cannot register API 'Board Extension:S2868A1' from pack STMicroelectronics.X-CUBE-SFXS2LP1.4.0.0: no header file found
2026-08-14 10:37:39,593 [WARN] ApiManager:294 - Cannot register API 'Board Extension:S2868A2' from pack STMicroelectronics.X-CUBE-SFXS2LP1.4.0.0: no header file found
2026-08-14 10:37:39,593 [WARN] ApiManager:294 - Cannot register API 'Board Extension:S2915A1' from pack STMicroelectronics.X-CUBE-SFXS2LP1.4.0.0: no header file found
2026-08-14 10:37:39,593 [WARN] ApiManager:294 - Cannot register API 'Wireless:BlueNRG-2' from pack STMicroelectronics.X-CUBE-BLE2.3.3.0: no header file found
2026-08-14 10:37:39,593 [WARN] ApiManager:294 - Cannot register API 'Board Extension:NFC13A1' from pack STMicroelectronics.X-CUBE-NFC13.1.0.0: no header file found
2026-08-14 10:37:39,593 [WARN] ApiManager:294 - Cannot register API 'Wireless:STM32WB05N' from pack STMicroelectronics.X-CUBE-WB05N.2.1.0: no header file found
2026-08-14 10:37:42,021 [INFO] ImportTextPane:162 - (OptionalMessage_ERROR) IP (RCC) : Invalid parameter (FamilyName)
2026-08-14 10:37:42,073 [INFO] UtilMem:74 - End LoadConfig() Used Memory: 855766056 Bytes (1012924416)
2026-08-14 10:37:42,073 [INFO] DbMcusXml:97 - Load MCU database from C:\ST\STM32CubeIDE_1.5.1\STM32CubeIDE\plugins\com.st.stm32cube.common.mx_6.1.1.202012091304\\db\/mcu/families.xml
2026-08-14 10:37:42,443 [INFO] DbMcusJson:92 - JSON generation date=Tue Nov 16 13:17:54 BRT 2021 (1637079474)
2026-08-14 10:37:42,894 [INFO] DbMcus:176 - Found 1835 MCUs (1796 are supported by CubeMX, 1920 are visible in CubeMX)
2026-08-14 10:37:42,902 [INFO] ApiDb:238 - Load user favorites file C:\Users\Alunos/.stm32cubeide/favorites.mcus.txt: 1 item(s)
2026-08-14 10:37:42,903 [INFO] ApiDb:242 - User favorites MCUs=[STM32F103C8Tx]
2026-08-14 10:37:42,903 [INFO] DbMcus:188 - Set 1 / 1 favorites MCUs
2026-08-14 10:37:42,913 [WARN] ThirdParty:749 - waiting for thirdparty lock release [change project]
2026-08-14 10:37:42,913 [INFO] ThirdParty:751 - entering critical section [change project]
2026-08-14 10:37:42,913 [INFO] ThirdParty:939 - CMSIS Pack Vendor :STMicroelectronics X-CUBE-AZRTOS-H7 3.5.0
2026-08-14 10:37:42,913 [INFO] ThirdParty:939 - CMSIS Pack Vendor :STMicroelectronics X-CUBE-PM33A1 1.0.0
2026-08-14 10:37:42,913 [INFO] ThirdParty:939 - CMSIS Pack Vendor :STMicroelectronics X-CUBE-AZRTOS-H7 3.3.0
2026-08-14 10:37:42,913 [INFO] ThirdParty:939 - CMSIS Pack Vendor :STMicroelectronics X-CUBE-NFC9 1.0.0
2026-08-14 10:37:42,913 [INFO] ThirdParty:939 - CMSIS Pack Vendor :STMicroelectronics USB_HOST 2.0.0
2026-08-14 10:37:42,913 [INFO] ThirdParty:939 - CMSIS Pack Vendor :STMicroelectronics FP-ATR-ASTRA1 2.0.3
2026-08-14 10:37:42,913 [INFO] ThirdParty:939 - CMSIS Pack Vendor :STMicroelectronics X-CUBE-AZRTOS-F4 1.1.0
2026-08-14 10:37:42,913 [INFO] ThirdParty:939 - CMSIS Pack Vendor :STMicroelectronics FP-ATR-ASTRA1 2.0.2
2026-08-14 10:37:42,913 [INFO] ThirdParty:939 - CMSIS Pack Vendor :STMicroelectronics FP-ATR-ASTRA1 2.0.1
2026-08-14 10:37:42,913 [INFO] ThirdParty:939 - CMSIS Pack Vendor :STMicroelectronics X-CUBE-BLE1 7.1.0
2026-08-14 10:37:42,913 [INFO] ThirdParty:939 - CMSIS Pack Vendor :STMicroelectronics X-CUBE-WB05N 1.1.0
2026-08-14 10:37:42,913 [INFO] ThirdParty:939 - CMSIS Pack Vendor :wolfSSL I-CUBE-wolfMQTT 1.19.2
2026-08-14 10:37:42,913 [INFO] ThirdParty:939 - CMSIS Pack Vendor :STMicroelectronics USB_DEVICE 3.0.0
2026-08-14 10:37:42,913 [INFO] ThirdParty:939 - CMSIS Pack Vendor :STMicroelectronics X-CUBE-ISPU 2.1.0
2026-08-14 10:37:42,913 [INFO] ThirdParty:939 - CMSIS Pack Vendor :STMicroelectronics X-CUBE-EEPRMA1 5.2.0
2026-08-14 10:37:42,913 [INFO] ThirdParty:939 - CMSIS Pack Vendor :STMicroelectronics X-CUBE-AZRTOS-WB 2.0.0
2026-08-14 10:37:42,913 [INFO] ThirdParty:939 - CMSIS Pack Vendor :STMicroelectronics X-CUBE-GNSS1 7.0.1
2026-08-14 10:37:42,913 [INFO] ThirdParty:939 - CMSIS Pack Vendor :STMicroelectronics X-CUBE-NFC12 1.0.0
2026-08-14 10:37:42,913 [INFO] ThirdParty:939 - CMSIS Pack Vendor :STMicroelectronics X-CUBE-AZRTOS-F7 1.1.0
2026-08-14 10:37:42,913 [INFO] ThirdParty:939 - CMSIS Pack Vendor :STMicroelectronics X-CUBE-AZRTOS-L5 2.0.0
2026-08-14 10:37:42,913 [INFO] ThirdParty:939 - CMSIS Pack Vendor :STMicroelectronics X-CUBE-TOUCHGFX 4.25.0
2026-08-14 10:37:42,913 [INFO] ThirdParty:939 - CMSIS Pack Vendor :STMicroelectronics USB_DEVICE 2.0.0
2026-08-14 10:37:42,913 [INFO] ThirdParty:939 - CMSIS Pack Vendor :STMicroelectronics X-CUBE-NFC6 3.1.0
2026-08-14 10:37:42,913 [INFO] ThirdParty:939 - CMSIS Pack Vendor :STMicroelectronics X-CUBE-AI 10.1.0
2026-08-14 10:37:42,913 [INFO] ThirdParty:939 - CMSIS Pack Vendor :STMicroelectronics X-CUBE-MEMS1 12.0.0
2026-08-14 10:37:42,913 [INFO] ThirdParty:939 - CMSIS Pack Vendor :STMicroelectronics X-CUBE-STSE01 2.0.0
2026-08-14 10:37:42,913 [INFO] ThirdParty:939 - CMSIS Pack Vendor :STMicroelectronics X-CUBE-ALGOBUILD 1.5.0
2026-08-14 10:37:42,913 [INFO] ThirdParty:939 - CMSIS Pack Vendor :STMicroelectronics X-CUBE-MEMS1 11.2.0
2026-08-14 10:37:42,913 [INFO] ThirdParty:939 - CMSIS Pack Vendor :STMicroelectronics FreeRTOS 0.0.1
2026-08-14 10:37:42,913 [INFO] ThirdParty:939 - CMSIS Pack Vendor :STMicroelectronics X-CUBE-AZRTOS-H7RS 1.3.0
2026-08-14 10:37:42,913 [INFO] ThirdParty:939 - CMSIS Pack Vendor :STMicroelectronics X-CUBE-AZRTOS-G0 1.1.0
2026-08-14 10:37:42,913 [INFO] ThirdParty:939 - CMSIS Pack Vendor :STMicroelectronics X-CUBE-SAFEA1 1.2.2
2026-08-14 10:37:42,913 [INFO] ThirdParty:939 - CMSIS Pack Vendor :STMicroelectronics X-CUBE-NFC4 3.0.0
2026-08-14 10:37:42,913 [INFO] ThirdParty:939 - CMSIS Pack Vendor :STMicroelectronics X-CUBE-SUBG2 5.0.0
2026-08-14 10:37:42,913 [INFO] ThirdParty:939 - CMSIS Pack Vendor :STMicroelectronics X-CUBE-AZRTOS-H7RS 1.1.0
2026-08-14 10:37:42,913 [INFO] ThirdParty:939 - CMSIS Pack Vendor :STMicroelectronics lwIP 2.0.3
2026-08-14 10:37:42,913 [INFO] ThirdParty:939 - CMSIS Pack Vendor :STMicroelectronics X-CUBE-MEMS1 13.0.0
2026-08-14 10:37:42,913 [INFO] ThirdParty:939 - CMSIS Pack Vendor :STMicroelectronics USB_HOST 1.0.0
2026-08-14 10:37:42,913 [INFO] ThirdParty:939 - CMSIS Pack Vendor :STMicroelectronics X-CUBE-AZRTOS-G4 2.0.0
2026-08-14 10:37:42,913 [INFO] ThirdParty:939 - CMSIS Pack Vendor :STMicroelectronics X-CUBE-WB05N 2.0.0
2026-08-14 10:37:42,913 [INFO] ThirdParty:939 - CMSIS Pack Vendor :STMicroelectronics PDM2PCM 3.1.0
2026-08-14 10:37:42,913 [INFO] ThirdParty:939 - CMSIS Pack Vendor :STMicroelectronics PDM2PCM 3.3.0
2026-08-14 10:37:42,913 [INFO] ThirdParty:939 - CMSIS Pack Vendor :wolfSSL I-CUBE-wolfTPM 3.8.0
2026-08-14 10:37:42,913 [INFO] ThirdParty:939 - CMSIS Pack Vendor :STMicroelectronics X-CUBE-AZRTOS-H7 3.4.0
2026-08-14 10:37:42,913 [INFO] ThirdParty:939 - CMSIS Pack Vendor :wolfSSL I-CUBE-wolfSSH 1.4.20
2026-08-14 10:37:42,913 [INFO] ThirdParty:939 - CMSIS Pack Vendor :STMicroelectronics X-CUBE-NFC7 2.0.0
2026-08-14 10:37:42,913 [INFO] ThirdParty:939 - CMSIS Pack Vendor :STMicroelectronics X-CUBE-GNSS1 7.1.1
2026-08-14 10:37:42,913 [INFO] ThirdParty:939 - CMSIS Pack Vendor :STMicroelectronics X-CUBE-BLE1 7.0.0
2026-08-14 10:37:42,913 [INFO] ThirdParty:939 - CMSIS Pack Vendor :STMicroelectronics FP-ATR-SIGFOX1 3.2.0
2026-08-14 10:37:42,913 [INFO] ThirdParty:939 - CMSIS Pack Vendor :STMicroelectronics X-CUBE-NFC10 1.0.0
2026-08-14 10:37:42,913 [INFO] ThirdParty:939 - CMSIS Pack Vendor :STMicroelectronics X-CUBE-EEPRMA1 5.1.0
2026-08-14 10:37:42,913 [INFO] ThirdParty:939 - CMSIS Pack Vendor :STMicroelectronics HAL Drivers 0.0.0
2026-08-14 10:37:42,913 [INFO] ThirdParty:939 - CMSIS Pack Vendor :STMicroelectronics MBEDTLS 2.16.2
2026-08-14 10:37:42,913 [INFO] ThirdParty:939 - CMSIS Pack Vendor :STMicroelectronics X-CUBE-NFC7 1.0.1
2026-08-14 10:37:42,913 [INFO] ThirdParty:939 - CMSIS Pack Vendor :STMicroelectronics MBEDTLS 2.14.1
2026-08-14 10:37:42,913 [INFO] ThirdParty:939 - CMSIS Pack Vendor :STMicroelectronics X-CUBE-GNSS1 7.1.0
2026-08-14 10:37:42,913 [INFO] ThirdParty:939 - CMSIS Pack Vendor :wolfSSL I-CUBE-wolfSSL 5.7.6
2026-08-14 10:37:42,913 [INFO] ThirdParty:939 - CMSIS Pack Vendor :STMicroelectronics X-CUBE-TOUCHGFX 4.26.0
2026-08-14 10:37:42,913 [INFO] ThirdParty:939 - CMSIS Pack Vendor :STMicroelectronics X-CUBE-TOUCHGFX 4.24.2
2026-08-14 10:37:42,913 [INFO] ThirdParty:939 - CMSIS Pack Vendor :STMicroelectronics X-CUBE-STSE01 1.0.0
2026-08-14 10:37:42,913 [INFO] ThirdParty:939 - CMSIS Pack Vendor :STMicroelectronics X-CUBE-TOUCHGFX 4.26.1
2026-08-14 10:37:42,913 [INFO] ThirdParty:939 - CMSIS Pack Vendor :portGmbH I-Cube-SoM-uGOAL 1.1.0
2026-08-14 10:37:42,913 [INFO] ThirdParty:939 - CMSIS Pack Vendor :STMicroelectronics X-CUBE-NFC6 3.2.0
2026-08-14 10:37:42,913 [INFO] ThirdParty:939 - CMSIS Pack Vendor :STMicroelectronics X-CUBE-AI 10.0.0
2026-08-14 10:37:42,913 [INFO] ThirdParty:939 - CMSIS Pack Vendor :STMicroelectronics X-CUBE-AI 10.2.1
2026-08-14 10:37:42,913 [INFO] ThirdParty:939 - CMSIS Pack Vendor :STMicroelectronics X-CUBE-AI 10.2.0
2026-08-14 10:37:42,913 [INFO] ThirdParty:939 - CMSIS Pack Vendor :STMicroelectronics X-CUBE-MEMS1 12.1.0
2026-08-14 10:37:42,913 [INFO] ThirdParty:939 - CMSIS Pack Vendor :STMicroelectronics X-CUBE-MEMS1 11.1.0
2026-08-14 10:37:42,913 [INFO] ThirdParty:939 - CMSIS Pack Vendor :STMicroelectronics X-CUBE-AZRTOS-WL 2.0.0
2026-08-14 10:37:42,913 [INFO] ThirdParty:939 - CMSIS Pack Vendor :SEGGER I-CUBE-embOS 1.3.1
2026-08-14 10:37:42,913 [INFO] ThirdParty:939 - CMSIS Pack Vendor :STMicroelectronics X-CUBE-ALGOBUILD 1.4.0
2026-08-14 10:37:42,913 [INFO] ThirdParty:939 - CMSIS Pack Vendor :STMicroelectronics X-CUBE-MEMS1 11.3.0
2026-08-14 10:37:42,913 [INFO] ThirdParty:939 - CMSIS Pack Vendor :STMicroelectronics USB_DEVICE 1.0.0
2026-08-14 10:37:42,913 [INFO] ThirdParty:939 - CMSIS Pack Vendor :STMicroelectronics X-CUBE-AZRTOS-H7RS 1.2.0
2026-08-14 10:37:42,913 [INFO] ThirdParty:939 - CMSIS Pack Vendor :STMicroelectronics X-CUBE-AZRTOS-H7RS 1.0.0
2026-08-14 10:37:42,913 [INFO] ThirdParty:939 - CMSIS Pack Vendor :STMicroelectronics X-CUBE-AZRTOS-L4 2.0.0
2026-08-14 10:37:42,913 [INFO] ThirdParty:939 - CMSIS Pack Vendor :WES I-CUBE-Cesium 1.3.0
2026-08-14 10:37:42,913 [INFO] ThirdParty:939 - CMSIS Pack Vendor :STMicroelectronics lwIP 2.1.2
2026-08-14 10:37:42,913 [INFO] ThirdParty:939 - CMSIS Pack Vendor :STMicroelectronics X-CUBE-SFXS2LP1 4.0.0
2026-08-14 10:37:42,913 [INFO] ThirdParty:939 - CMSIS Pack Vendor :STMicroelectronics X-CUBE-BLE2 3.3.0
2026-08-14 10:37:42,913 [INFO] ThirdParty:939 - CMSIS Pack Vendor :STMicroelectronics X-CUBE-NFC13 1.0.0
2026-08-14 10:37:42,913 [INFO] ThirdParty:939 - CMSIS Pack Vendor :STMicroelectronics PDM2PCM 3.2.0
2026-08-14 10:37:42,913 [INFO] ThirdParty:939 - CMSIS Pack Vendor :STMicroelectronics X-CUBE-WB05N 2.1.0
2026-08-14 10:37:42,913 [INFO] ThirdParty:757 - exiting critical section [change project]
2026-08-14 10:37:43,090 [INFO] PinOutPanel:1434 - setPackage(No Configuration,No Configuration)
2026-08-14 10:37:43,106 [INFO] PinOutPanel:1434 - setPackage(STM32F103C8Tx,LQFP48)
2026-08-14 10:37:43,286 [INFO] UtilMem:74 - Before build in PCC Used Memory: 944506768 Bytes (1063256064)
2026-08-14 10:37:43,554 [INFO] SharedServices:72 - Folder for power plug-in: C:/Users/Alunos/.stm32cubemx/plugins/power
2026-08-14 10:37:43,570 [INFO] SharedServices:72 - Folder for power plug-in: C:/Users/Alunos/.stm32cubemx/plugins/power
2026-08-14 10:37:43,596 [INFO] SharedServices:72 - Folder for power plug-in: C:/Users/Alunos/.stm32cubemx/plugins/power
2026-08-14 10:37:43,596 [INFO] SharedServices:72 - Folder for power plug-in: C:/Users/Alunos/.stm32cubemx/plugins/power
2026-08-14 10:37:43,718 [INFO] UtilMem:74 - After build in PCC Used Memory: 965478288 Bytes (1065353216)
2026-08-14 10:37:43,819 [INFO] ApiDbMcu:456 - Load IP Config File for USB_DEVICE
2026-08-14 10:37:43,834 [INFO] IPUIPlugin:64 - create IPUIPlugin
2026-08-14 10:37:43,834 [INFO] IPUIPlugin:64 - create IPUIPlugin
2026-08-14 10:37:43,834 [INFO] IPUIPlugin:64 - create IPUIPlugin
2026-08-14 10:37:43,834 [INFO] IPUIPlugin:64 - create IPUIPlugin
2026-08-14 10:37:43,834 [INFO] IPUIPlugin:64 - create IPUIPlugin
2026-08-14 10:37:43,834 [INFO] IPUIPlugin:64 - create IPUIPlugin
2026-08-14 10:37:43,834 [INFO] IPUIPlugin:64 - create IPUIPlugin
2026-08-14 10:37:43,834 [INFO] IPUIPlugin:64 - create IPUIPlugin
2026-08-14 10:37:43,834 [INFO] IPUIPlugin:64 - create IPUIPlugin
2026-08-14 10:37:43,834 [INFO] IPUIPlugin:64 - create IPUIPlugin
2026-08-14 10:37:43,834 [INFO] IPUIPlugin:64 - create IPUIPlugin
2026-08-14 10:37:43,834 [INFO] IPUIPlugin:64 - create IPUIPlugin
2026-08-14 10:37:43,834 [INFO] IPUIPlugin:64 - create IPUIPlugin
2026-08-14 10:37:43,834 [INFO] IPUIPlugin:64 - create IPUIPlugin
2026-08-14 10:37:43,834 [INFO] IPUIPlugin:64 - create IPUIPlugin
2026-08-14 10:37:43,834 [INFO] IPUIPlugin:64 - create IPUIPlugin
2026-08-14 10:37:43,834 [INFO] IPUIPlugin:64 - create IPUIPlugin
2026-08-14 10:37:43,834 [INFO] IPUIPlugin:64 - create IPUIPlugin
2026-08-14 10:37:43,834 [INFO] IPUIPlugin:64 - create IPUIPlugin
2026-08-14 10:37:43,834 [INFO] IPUIPlugin:64 - create IPUIPlugin
2026-08-14 10:37:43,834 [INFO] IPUIPlugin:64 - create IPUIPlugin
2026-08-14 10:37:43,834 [INFO] IPUIPlugin:64 - create IPUIPlugin
2026-08-14 10:37:43,834 [INFO] IPUIPlugin:64 - create IPUIPlugin
2026-08-14 10:37:43,834 [INFO] IPUIPlugin:64 - create IPUIPlugin
2026-08-14 10:37:43,834 [INFO] IPUIPlugin:64 - create IPUIPlugin
2026-08-14 10:37:43,834 [INFO] IPUIPlugin:64 - create IPUIPlugin
2026-08-14 10:37:43,834 [INFO] IPUIPlugin:64 - create IPUIPlugin
2026-08-14 10:37:43,879 [INFO] LogOutputStream:76 - [STDOUT_REDIRECT] toolchainItems.length=====1
2026-08-14 10:37:43,955 [INFO] OpenFileManager:294 - Restore cursor
2026-08-14 10:39:37,754 [INFO] ADCParametersView:97 -                Rank 1 : false
2026-08-14 10:39:39,417 [INFO] ADCParametersView:97 -                Rank 1 : false
2026-08-14 10:39:39,418 [INFO] ADCParametersView:97 -                Rank 1 : false
2026-08-14 10:39:39,418 [INFO] ADCParametersView:97 -                Rank 1 : false
2026-08-14 10:39:39,418 [INFO] ADCParametersView:97 -                Rank 1 : false
2026-08-14 10:39:39,419 [INFO] ADCParametersView:97 -                Rank 1 : false
2026-08-14 10:39:39,419 [INFO] ADCParametersView:97 -                Rank 1 : false
2026-08-14 10:39:39,419 [INFO] ADCParametersView:97 -                Rank 1 : false
2026-08-14 10:39:39,419 [INFO] ADCParametersView:97 -                Rank 1 : false
2026-08-14 10:39:39,420 [INFO] ADCParametersView:97 -                Rank 1 : false
2026-08-14 10:39:39,420 [INFO] ADCParametersView:97 -                Rank 1 : false
2026-08-14 10:39:39,441 [INFO] ADCParametersView:97 -                Rank 1 : false
2026-08-14 10:39:39,466 [INFO] ADCParametersView:97 -                Rank 1 : false
2026-08-14 10:39:39,466 [INFO] ADCParametersView:97 -                Rank 1 : false
2026-08-14 10:39:39,466 [INFO] ADCParametersView:97 -                Rank 1 : false
2026-08-14 10:39:39,466 [INFO] ADCParametersView:97 -                Rank 1 : false
2026-08-14 10:39:39,466 [INFO] ADCParametersView:97 -                Rank 1 : false
2026-08-14 10:39:39,466 [INFO] ADCParametersView:97 -                Rank 1 : false
2026-08-14 10:39:39,466 [INFO] ADCParametersView:97 -                Rank 1 : false
2026-08-14 10:39:39,466 [INFO] ADCParametersView:97 -                Rank 1 : false
2026-08-14 10:39:39,466 [INFO] ADCParametersView:97 -                Rank 1 : false
2026-08-14 10:39:39,466 [INFO] ADCParametersView:97 -                Rank 1 : false
2026-08-14 10:39:39,466 [INFO] ADCParametersView:97 -                Rank 1 : false
2026-08-14 10:39:39,466 [INFO] ADCParametersView:97 -                Rank 1 : false
2026-08-14 10:39:39,466 [INFO] ADCParametersView:97 -                Rank 1 : false
2026-08-14 10:39:39,466 [INFO] ADCParametersView:97 -                Rank 1 : false
2026-08-14 10:39:39,466 [INFO] ADCParametersView:97 -                Rank 1 : false
2026-08-14 10:39:39,466 [INFO] ADCParametersView:97 -                Rank 1 : false
2026-08-14 10:39:39,466 [INFO] ADCParametersView:97 -                Rank 1 : false
2026-08-14 10:39:39,466 [INFO] ADCParametersView:97 -                Rank 1 : false
2026-08-14 10:39:39,466 [INFO] ADCParametersView:97 -                Rank 1 : false
2026-08-14 10:39:39,466 [INFO] ADCParametersView:97 -                Rank 1 : false
2026-08-14 10:39:39,466 [INFO] ADCParametersView:97 -                Rank 1 : false
2026-08-14 10:39:39,466 [INFO] ADCParametersView:97 -                Rank 1 : false
2026-08-14 10:39:39,466 [INFO] ADCParametersView:97 -                Rank 1 : true
2026-08-14 10:39:39,499 [INFO] ADCParametersView:97 -                Rank 1 : true
2026-08-14 10:39:39,499 [INFO] ADCParametersView:97 -                Rank 1 : true
2026-08-14 10:39:39,499 [INFO] ADCParametersView:97 -                Rank 1 : true
2026-08-14 10:39:39,499 [INFO] ADCParametersView:97 -                Rank 1 : true
2026-08-14 10:39:39,499 [INFO] ADCParametersView:97 -                Rank 1 : true
2026-08-14 10:39:39,499 [INFO] ADCParametersView:97 -                Rank 1 : true
2026-08-14 10:39:39,499 [INFO] ADCParametersView:97 -                Rank 1 : true
2026-08-14 10:39:39,499 [INFO] ADCParametersView:97 -                Rank 1 : true
2026-08-14 10:39:39,499 [INFO] ADCParametersView:97 -                Rank 1 : true
2026-08-14 10:39:39,499 [INFO] ADCParametersView:97 -                Rank 1 : true
2026-08-14 10:39:39,499 [INFO] ADCParametersView:97 -                Rank 1 : true
2026-08-14 10:39:39,499 [INFO] ADCParametersView:97 -                Rank 1 : true
2026-08-14 10:39:39,499 [INFO] ADCParametersView:97 -                Rank 1 : true
2026-08-14 10:39:39,499 [INFO] ADCParametersView:97 -                Rank 1 : true
2026-08-14 10:39:39,499 [INFO] ADCParametersView:97 -                Rank 1 : true
2026-08-14 10:39:39,499 [INFO] ADCParametersView:97 -                Rank 1 : true
2026-08-14 10:39:39,499 [INFO] ADCParametersView:97 -                Rank 1 : true
2026-08-14 10:39:39,499 [INFO] ADCParametersView:97 -                Rank 1 : true
2026-08-14 10:39:39,499 [INFO] ADCParametersView:97 -                Rank 1 : true
2026-08-14 10:39:39,499 [INFO] ADCParametersView:97 -                Rank 1 : true
2026-08-14 10:39:39,499 [INFO] ADCParametersView:97 -                Rank 1 : true
2026-08-14 10:39:39,499 [INFO] ADCParametersView:97 -                Rank 1 : true
2026-08-14 10:39:39,499 [INFO] ADCParametersView:97 -                Rank 1 : true
2026-08-14 10:39:39,499 [INFO] ADCParametersView:97 -                Rank 1 : true
2026-08-14 10:39:39,499 [INFO] ADCParametersView:97 -                Rank 1 : true
2026-08-14 10:39:39,499 [INFO] ADCParametersView:97 -                Rank 1 : true
2026-08-14 10:39:39,499 [INFO] ADCParametersView:97 -                Rank 1 : true
2026-08-14 10:39:39,499 [INFO] ADCParametersView:97 -                Rank 1 : true
2026-08-14 10:39:39,499 [INFO] ADCParametersView:97 -                Rank 1 : true
2026-08-14 10:39:39,499 [INFO] ADCParametersView:97 -                Rank 1 : true
2026-08-14 10:39:39,499 [INFO] ADCParametersView:97 -                Rank 1 : true
2026-08-14 10:39:39,499 [INFO] ADCParametersView:97 -                Rank 1 : true
2026-08-14 10:39:47,326 [INFO] NvicIntPanel:90 - NVIC parent = com.st.microxplorer.plugins.ip.nvic.MultiNvicIntPanel[,0,0,450x37,layout=javax.swing.BoxLayout,alignmentX=0.0,alignmentY=0.0,border=,flags=9,maximumSize=,minimumSize=,preferredSize=]
2026-08-14 10:51:09,958 [INFO] UtilMem:74 - End SaveConfig() Used Memory: 840848440 Bytes (1070596096)
2026-08-14 10:51:12,261 [INFO] UtilMem:74 - End SaveConfig() Used Memory: 863311888 Bytes (1070596096)
2026-08-14 10:51:12,376 [INFO] UtilMem:74 - End SaveConfig() Used Memory: 909449232 Bytes (1070596096)
2026-08-14 10:51:12,794 [INFO] BlockDiagram:2735 - set Specific Code input for plugin: NVIC
2026-08-14 10:51:12,794 [INFO] BlockDiagram:2735 - set Specific Code input for plugin: USB_DEVICE
2026-08-14 10:51:12,794 [INFO] BlockDiagram:2735 - set Specific Code input for plugin: USB
2026-08-14 10:51:12,794 [INFO] BlockDiagram:2735 - set Specific Code input for plugin: SYS
2026-08-14 10:51:12,794 [INFO] BlockDiagram:2735 - set Specific Code input for plugin: GPIO
2026-08-14 10:51:12,794 [INFO] BlockDiagram:2735 - set Specific Code input for plugin: ADC
2026-08-14 10:51:12,794 [INFO] BlockDiagram:2735 - set Specific Code input for plugin: RCC
2026-08-14 10:51:12,794 [INFO] CodeGenerator:639 - code generatio: config db path: C:\ST\STM32CubeIDE_1.5.1\STM32CubeIDE\plugins\com.st.stm32cube.common.mx_6.1.1.202012091304\\db\
2026-08-14 10:51:13,105 [INFO] CodeEngine:229 - oldGeneratedFile, C:\ST32_2026\ProjetoIntegrado2TRI\ProjetointegradoSTM\ProjetoIntegrado2TRI\MXTmpFiles\license.tmp_save
2026-08-14 10:51:13,351 [INFO] CodeEngine:247 - Generated code: C:\ST32_2026\ProjetoIntegrado2TRI\ProjetointegradoSTM\ProjetoIntegrado2TRI\MXTmpFiles\license.tmp
2026-08-14 10:51:13,421 [INFO] CodeEngine:229 - oldGeneratedFile, C:\ST32_2026\ProjetoIntegrado2TRI\ProjetointegradoSTM\ProjetoIntegrado2TRI\MXTmpFiles\gpio.tmp_save
2026-08-14 10:51:13,522 [INFO] CodeEngine:247 - Generated code: C:\ST32_2026\ProjetoIntegrado2TRI\ProjetointegradoSTM\ProjetoIntegrado2TRI\MXTmpFiles\gpio.tmp
2026-08-14 10:51:13,522 [INFO] LogOutputStream:76 - [STDOUT_REDIRECT] Command line test
2026-08-14 10:51:13,589 [INFO] CodeEngine:229 - oldGeneratedFile, C:\ST32_2026\ProjetoIntegrado2TRI\ProjetointegradoSTM\ProjetoIntegrado2TRI\MXTmpFiles\usb_vars.tmp_save
2026-08-14 10:51:13,687 [INFO] CodeEngine:247 - Generated code: C:\ST32_2026\ProjetoIntegrado2TRI\ProjetointegradoSTM\ProjetoIntegrado2TRI\MXTmpFiles\usb_vars.tmp
2026-08-14 10:51:13,693 [INFO] CodeEngine:229 - oldGeneratedFile, C:\ST32_2026\ProjetoIntegrado2TRI\ProjetointegradoSTM\ProjetoIntegrado2TRI\MXTmpFiles\usb_inc.tmp_save
2026-08-14 10:51:13,740 [INFO] CodeEngine:247 - Generated code: C:\ST32_2026\ProjetoIntegrado2TRI\ProjetointegradoSTM\ProjetoIntegrado2TRI\MXTmpFiles\usb_inc.tmp
2026-08-14 10:51:13,757 [INFO] CodeEngine:229 - oldGeneratedFile, C:\ST32_2026\ProjetoIntegrado2TRI\ProjetointegradoSTM\ProjetoIntegrado2TRI\MXTmpFiles\usb_HalInit.tmp_save
2026-08-14 10:51:13,815 [INFO] CodeEngine:247 - Generated code: C:\ST32_2026\ProjetoIntegrado2TRI\ProjetointegradoSTM\ProjetoIntegrado2TRI\MXTmpFiles\usb_HalInit.tmp
2026-08-14 10:51:13,824 [INFO] CodeEngine:229 - oldGeneratedFile, C:\ST32_2026\ProjetoIntegrado2TRI\ProjetointegradoSTM\ProjetoIntegrado2TRI\MXTmpFiles\usb_Msp.tmp_save
2026-08-14 10:51:13,875 [INFO] CodeEngine:247 - Generated code: C:\ST32_2026\ProjetoIntegrado2TRI\ProjetointegradoSTM\ProjetoIntegrado2TRI\MXTmpFiles\usb_Msp.tmp
2026-08-14 10:51:13,926 [INFO] LogOutputStream:76 - [STDOUT_REDIRECT] Command line
2026-08-14 10:51:13,926 [INFO] LogOutputStream:76 - [STDOUT_REDIRECT] Command line
2026-08-14 10:51:13,950 [INFO] Middleware:1252 - No code input for Bsp Dependency
2026-08-14 10:51:13,975 [INFO] CodeEngine:229 - oldGeneratedFile, C:\ST32_2026\ProjetoIntegrado2TRI\ProjetointegradoSTM\ProjetoIntegrado2TRI\USB_DEVICE\App\usb_device.c_save
2026-08-14 10:51:14,032 [INFO] CodeEngine:247 - Generated code: C:\ST32_2026\ProjetoIntegrado2TRI\ProjetointegradoSTM\ProjetoIntegrado2TRI\USB_DEVICE\App\usb_device.c
2026-08-14 10:51:14,049 [INFO] CodeEngine:229 - oldGeneratedFile, C:\ST32_2026\ProjetoIntegrado2TRI\ProjetointegradoSTM\ProjetoIntegrado2TRI\USB_DEVICE\App\usb_device.h_save
2026-08-14 10:51:14,093 [INFO] CodeEngine:247 - Generated code: C:\ST32_2026\ProjetoIntegrado2TRI\ProjetointegradoSTM\ProjetoIntegrado2TRI\USB_DEVICE\App\usb_device.h
2026-08-14 10:51:14,109 [INFO] CodeEngine:229 - oldGeneratedFile, C:\ST32_2026\ProjetoIntegrado2TRI\ProjetointegradoSTM\ProjetoIntegrado2TRI\USB_DEVICE\Target\usbd_conf.h_save
2026-08-14 10:51:14,160 [INFO] CodeEngine:247 - Generated code: C:\ST32_2026\ProjetoIntegrado2TRI\ProjetointegradoSTM\ProjetoIntegrado2TRI\USB_DEVICE\Target\usbd_conf.h
2026-08-14 10:51:14,176 [INFO] CodeEngine:229 - oldGeneratedFile, C:\ST32_2026\ProjetoIntegrado2TRI\ProjetointegradoSTM\ProjetoIntegrado2TRI\USB_DEVICE\Target\usbd_conf.c_save
2026-08-14 10:51:14,260 [INFO] CodeEngine:247 - Generated code: C:\ST32_2026\ProjetoIntegrado2TRI\ProjetointegradoSTM\ProjetoIntegrado2TRI\USB_DEVICE\Target\usbd_conf.c
2026-08-14 10:51:14,277 [INFO] CodeEngine:229 - oldGeneratedFile, C:\ST32_2026\ProjetoIntegrado2TRI\ProjetointegradoSTM\ProjetoIntegrado2TRI\USB_DEVICE\App\usbd_desc.h_save
2026-08-14 10:51:14,328 [INFO] CodeEngine:247 - Generated code: C:\ST32_2026\ProjetoIntegrado2TRI\ProjetointegradoSTM\ProjetoIntegrado2TRI\USB_DEVICE\App\usbd_desc.h
2026-08-14 10:51:14,344 [INFO] CodeEngine:229 - oldGeneratedFile, C:\ST32_2026\ProjetoIntegrado2TRI\ProjetointegradoSTM\ProjetoIntegrado2TRI\USB_DEVICE\App\usbd_desc.c_save
2026-08-14 10:51:14,410 [INFO] CodeEngine:247 - Generated code: C:\ST32_2026\ProjetoIntegrado2TRI\ProjetointegradoSTM\ProjetoIntegrado2TRI\USB_DEVICE\App\usbd_desc.c
2026-08-14 10:51:14,477 [INFO] CodeEngine:229 - oldGeneratedFile, C:\ST32_2026\ProjetoIntegrado2TRI\ProjetointegradoSTM\ProjetoIntegrado2TRI\USB_DEVICE\App\usbd_cdc_if.h_save
2026-08-14 10:51:14,512 [INFO] CodeEngine:247 - Generated code: C:\ST32_2026\ProjetoIntegrado2TRI\ProjetointegradoSTM\ProjetoIntegrado2TRI\USB_DEVICE\App\usbd_cdc_if.h
2026-08-14 10:51:14,530 [INFO] CodeEngine:229 - oldGeneratedFile, C:\ST32_2026\ProjetoIntegrado2TRI\ProjetointegradoSTM\ProjetoIntegrado2TRI\USB_DEVICE\App\usbd_cdc_if.c_save
2026-08-14 10:51:14,592 [INFO] CodeEngine:247 - Generated code: C:\ST32_2026\ProjetoIntegrado2TRI\ProjetointegradoSTM\ProjetoIntegrado2TRI\USB_DEVICE\App\usbd_cdc_if.c
2026-08-14 10:51:14,610 [INFO] CodeEngine:229 - oldGeneratedFile, C:\ST32_2026\ProjetoIntegrado2TRI\ProjetointegradoSTM\ProjetoIntegrado2TRI\Core\Src\stm32f1xx_it.c_save
2026-08-14 10:51:14,686 [INFO] CodeEngine:247 - Generated code: C:\ST32_2026\ProjetoIntegrado2TRI\ProjetointegradoSTM\ProjetoIntegrado2TRI\Core\Src\stm32f1xx_it.c
2026-08-14 10:51:14,694 [INFO] CodeEngine:229 - oldGeneratedFile, C:\ST32_2026\ProjetoIntegrado2TRI\ProjetointegradoSTM\ProjetoIntegrado2TRI\Core\Inc\stm32f1xx_it.h_save
2026-08-14 10:51:14,745 [INFO] CodeEngine:247 - Generated code: C:\ST32_2026\ProjetoIntegrado2TRI\ProjetointegradoSTM\ProjetoIntegrado2TRI\Core\Inc\stm32f1xx_it.h
2026-08-14 10:51:14,762 [INFO] CodeEngine:229 - oldGeneratedFile, C:\ST32_2026\ProjetoIntegrado2TRI\ProjetointegradoSTM\ProjetoIntegrado2TRI\Core\Src\stm32f1xx_hal_msp.c_save
2026-08-14 10:51:14,847 [INFO] CodeEngine:247 - Generated code: C:\ST32_2026\ProjetoIntegrado2TRI\ProjetointegradoSTM\ProjetoIntegrado2TRI\Core\Src\stm32f1xx_hal_msp.c
2026-08-14 10:51:14,865 [INFO] CodeEngine:229 - oldGeneratedFile, C:\ST32_2026\ProjetoIntegrado2TRI\ProjetointegradoSTM\ProjetoIntegrado2TRI\MXTmpFiles\system.tmp_save
2026-08-14 10:51:14,904 [INFO] CodeEngine:247 - Generated code: C:\ST32_2026\ProjetoIntegrado2TRI\ProjetointegradoSTM\ProjetoIntegrado2TRI\MXTmpFiles\system.tmp
2026-08-14 10:51:14,913 [INFO] CodeEngine:229 - oldGeneratedFile, C:\ST32_2026\ProjetoIntegrado2TRI\ProjetointegradoSTM\ProjetoIntegrado2TRI\Core\Inc\stm32f1xx_hal_conf.h_save
2026-08-14 10:51:14,962 [INFO] CodeEngine:247 - Generated code: C:\ST32_2026\ProjetoIntegrado2TRI\ProjetointegradoSTM\ProjetoIntegrado2TRI\Core\Inc\stm32f1xx_hal_conf.h
2026-08-14 10:51:15,016 [INFO] CodeEngine:229 - oldGeneratedFile, C:\ST32_2026\ProjetoIntegrado2TRI\ProjetointegradoSTM\ProjetoIntegrado2TRI\Core\Inc\main.h_save
2026-08-14 10:51:15,066 [INFO] CodeEngine:247 - Generated code: C:\ST32_2026\ProjetoIntegrado2TRI\ProjetointegradoSTM\ProjetoIntegrado2TRI\Core\Inc\main.h
2026-08-14 10:51:15,079 [INFO] CodeEngine:229 - oldGeneratedFile, C:\ST32_2026\ProjetoIntegrado2TRI\ProjetointegradoSTM\ProjetoIntegrado2TRI\Core\Src\main.c_save
2026-08-14 10:51:15,181 [INFO] CodeEngine:247 - Generated code: C:\ST32_2026\ProjetoIntegrado2TRI\ProjetointegradoSTM\ProjetoIntegrado2TRI\Core\Src\main.c
2026-08-14 10:51:15,645 [INFO] ProjectBuilder:2328 - Time for Copy HAL[1] : 76mS.
2026-08-14 10:51:15,645 [INFO] ProjectBuilder:3259 - Project Generator version: 3.11.2
2026-08-14 10:51:15,857 [INFO] ConfigFileManager:1238 - The Die is : DIE410
2026-08-14 10:51:15,874 [INFO] ApiDbMcu:456 - Load IP Config File for FATFS
2026-08-14 10:51:15,888 [INFO] ApiDbMcu:456 - Load IP Config File for FREERTOS
2026-08-14 10:51:19,442 [INFO] ProjectBuilder:3425 - Time for Generating toolchain IDE Files: 3797mS.
2026-08-14 10:51:19,442 [INFO] ProjectBuilder:2207 - Time for Copy CMSIS : 0mS.
2026-08-14 10:51:19,442 [INFO] ProjectBuilder:2207 - Time for Copy CMSIS : 0mS.
2026-08-14 11:17:28,951 [INFO] NvicIntPanel:90 - NVIC parent = com.st.microxplorer.plugins.ip.nvic.MultiNvicIntPanel[,0,0,450x101,layout=javax.swing.BoxLayout,alignmentX=0.0,alignmentY=0.0,border=,flags=9,maximumSize=,minimumSize=,preferredSize=]
2026-08-14 11:38:45,190 [ERROR] LogOutputStream:74 - [STDERR_REDIRECT] [Fatal Error] :1:1: Premature end of file.
2026-08-14 11:38:45,190 [ERROR] LogOutputStream:74 - [STDERR_REDIRECT] 
2026-08-14 11:38:46,177 [ERROR] LogOutputStream:74 - [STDERR_REDIRECT] [Fatal Error] :1:1: Premature end of file.
2026-08-14 11:38:46,177 [ERROR] LogOutputStream:74 - [STDERR_REDIRECT] 
2026-08-14 11:38:47,188 [ERROR] LogOutputStream:74 - [STDERR_REDIRECT] [Fatal Error] :1:1: Premature end of file.
2026-08-14 11:38:47,188 [ERROR] LogOutputStream:74 - [STDERR_REDIRECT] 
2026-08-14 11:38:48,189 [ERROR] LogOutputStream:74 - [STDERR_REDIRECT] [Fatal Error] :1:1: Premature end of file.
2026-08-14 11:38:48,189 [ERROR] LogOutputStream:74 - [STDERR_REDIRECT] 
2026-08-14 11:38:49,186 [ERROR] LogOutputStream:74 - [STDERR_REDIRECT] [Fatal Error] :1:1: Premature end of file.
2026-08-14 11:38:49,186 [ERROR] LogOutputStream:74 - [STDERR_REDIRECT] 
2026-08-14 11:38:50,182 [ERROR] LogOutputStream:74 - [STDERR_REDIRECT] [Fatal Error] :1:1: Premature end of file.
2026-08-14 11:38:50,182 [ERROR] LogOutputStream:74 - [STDERR_REDIRECT] 
2026-08-14 11:38:51,182 [ERROR] LogOutputStream:74 - [STDERR_REDIRECT] [Fatal Error] :1:1: Premature end of file.
2026-08-14 11:38:51,183 [ERROR] LogOutputStream:74 - [STDERR_REDIRECT] 
2026-08-14 11:38:52,182 [ERROR] LogOutputStream:74 - [STDERR_REDIRECT] [Fatal Error] :1:1: Premature end of file.
2026-08-14 11:38:52,182 [ERROR] LogOutputStream:74 - [STDERR_REDIRECT] 
2026-08-14 11:38:53,182 [ERROR] LogOutputStream:74 - [STDERR_REDIRECT] [Fatal Error] :1:1: Premature end of file.
2026-08-14 11:38:53,182 [ERROR] LogOutputStream:74 - [STDERR_REDIRECT] 
2026-08-14 11:38:54,182 [ERROR] LogOutputStream:74 - [STDERR_REDIRECT] [Fatal Error] :1:1: Premature end of file.
2026-08-14 11:38:54,182 [ERROR] LogOutputStream:74 - [STDERR_REDIRECT] 
2026-08-17 08:17:37,240 [INFO] Activator:170 - 


2026-08-17 08:17:37,240 [INFO] Activator:171 - !SESSION log4j initialized
2026-08-17 08:20:53,165 [INFO] Activator:170 - 


2026-08-17 08:20:53,166 [INFO] Activator:171 - !SESSION log4j initialized
2026-08-17 08:21:19,667 [INFO] Activator:170 - 


2026-08-17 08:21:19,668 [INFO] Activator:171 - !SESSION log4j initialized
2026-08-17 08:25:15,011 [INFO] Activator:170 - 


2026-08-17 08:25:15,019 [INFO] Activator:171 - !SESSION log4j initialized
2026-08-17 08:27:29,377 [INFO] Activator:170 - 


2026-08-17 08:27:29,377 [INFO] Activator:171 - !SESSION log4j initialized
2026-08-17 08:30:57,537 [INFO] McuFinderGlobals:40 - Set McuFinder mode to 2 (CubeIDE integrated)
2026-08-17 08:30:58,986 [INFO] ApplicationProperties:181 - Using Application install path: C:\ST\STM32CubeIDE_1.5.1\STM32CubeIDE\plugins\com.st.stm32cube.common.mx_6.1.1.202012091304
2026-08-17 08:30:59,008 [INFO] DbMcusXml:71 - Set database path to: C:\ST\STM32CubeIDE_1.5.1\STM32CubeIDE\plugins\com.st.stm32cube.common.mx_6.1.1.202012091304\\db\/mcu/
2026-08-17 08:30:59,011 [INFO] DbBoardsPdsc:57 - Set plugin database path to: C:\ST\STM32CubeIDE_1.5.1\STM32CubeIDE\plugins\com.st.stm32cube.common.mx_6.1.1.202012091304\\db\/plugins/boardmanager/
2026-08-17 08:30:59,011 [INFO] DbMcus:259 - Set plugin images path to: C:\ST\STM32CubeIDE_1.5.1\STM32CubeIDE\plugins\com.st.stm32cube.common.mx_6.1.1.202012091304\\db\/plugins/mcufinder/images/
2026-08-17 08:30:59,011 [INFO] DbBoards:265 - Set plugin images path to: C:\ST\STM32CubeIDE_1.5.1\STM32CubeIDE\plugins\com.st.stm32cube.common.mx_6.1.1.202012091304\\db\/plugins/mcufinder/images/
2026-08-17 08:30:59,013 [INFO] DbExamples:329 - Set plugin images path to: C:\ST\STM32CubeIDE_1.5.1\STM32CubeIDE\plugins\com.st.stm32cube.common.mx_6.1.1.202012091304\\db\/plugins/mcufinder/images/
2026-08-17 08:30:59,017 [INFO] DbMcusDocs:112 - Set database path to: C:\Users\Alunos\.stmcufinder\plugins\mcufinder//mcu/
2026-08-17 08:30:59,018 [INFO] DbMcusJson:63 - Set database path to: C:\Users\Alunos\.stmcufinder\plugins\mcufinder//mcu/
2026-08-17 08:30:59,018 [INFO] DbBoardsDocs:112 - Set database path to: C:\Users\Alunos\.stmcufinder\plugins\mcufinder//mcu/
2026-08-17 08:30:59,019 [INFO] DbBoardsJson:56 - Set database path to: C:\Users\Alunos\.stmcufinder\plugins\mcufinder//mcu/
2026-08-17 08:30:59,189 [INFO] CrossReferenceDbSqlite:196 - Set database path to: C:\Users\Alunos\.stmcufinder\plugins\mcufinder//mcu/cs/
2026-08-17 08:30:59,204 [INFO] DbExamplesSqlite:699 - Set database path to: C:\Users\Alunos\.stmcufinder\plugins\mcufinder//mcu/
2026-08-17 08:30:59,286 [INFO] RulesReader:52 - Compatibility file has been processed (228 Rules)
2026-08-17 08:30:59,347 [INFO] MicroXplorer:565 - Detected Java Version = 1.8.0_272
2026-08-17 08:30:59,347 [INFO] DbMcusXml:71 - Set database path to: C:\ST\STM32CubeIDE_1.5.1\STM32CubeIDE\plugins\com.st.stm32cube.common.mx_6.1.1.202012091304\\db\/mcu/
2026-08-17 08:30:59,348 [INFO] DbBoardsPdsc:57 - Set plugin database path to: C:\ST\STM32CubeIDE_1.5.1\STM32CubeIDE\plugins\com.st.stm32cube.common.mx_6.1.1.202012091304\\db\/plugins/boardmanager/
2026-08-17 08:30:59,348 [INFO] DbMcus:259 - Set plugin images path to: C:\ST\STM32CubeIDE_1.5.1\STM32CubeIDE\plugins\com.st.stm32cube.common.mx_6.1.1.202012091304\\db\/plugins/mcufinder/images/
2026-08-17 08:30:59,348 [INFO] DbBoards:265 - Set plugin images path to: C:\ST\STM32CubeIDE_1.5.1\STM32CubeIDE\plugins\com.st.stm32cube.common.mx_6.1.1.202012091304\\db\/plugins/mcufinder/images/
2026-08-17 08:30:59,348 [INFO] DbExamples:329 - Set plugin images path to: C:\ST\STM32CubeIDE_1.5.1\STM32CubeIDE\plugins\com.st.stm32cube.common.mx_6.1.1.202012091304\\db\/plugins/mcufinder/images/
2026-08-17 08:30:59,348 [WARN] DbFile:36 - Overriding database path with different value: C:\Users\Alunos\.stmcufinder\plugins\mcufinder/ => C:\Users\Alunos\.stmcufinder\plugins\mcufinder
2026-08-17 08:30:59,348 [INFO] DbMcusDocs:112 - Set database path to: C:\Users\Alunos\.stmcufinder\plugins\mcufinder//mcu/
2026-08-17 08:30:59,348 [WARN] DbFile:36 - Overriding database path with different value: C:\Users\Alunos\.stmcufinder\plugins\mcufinder/ => C:\Users\Alunos\.stmcufinder\plugins\mcufinder
2026-08-17 08:30:59,348 [INFO] DbMcusJson:63 - Set database path to: C:\Users\Alunos\.stmcufinder\plugins\mcufinder//mcu/
2026-08-17 08:30:59,348 [WARN] DbFile:36 - Overriding database path with different value: C:\Users\Alunos\.stmcufinder\plugins\mcufinder/ => C:\Users\Alunos\.stmcufinder\plugins\mcufinder
2026-08-17 08:30:59,349 [INFO] DbBoardsDocs:112 - Set database path to: C:\Users\Alunos\.stmcufinder\plugins\mcufinder//mcu/
2026-08-17 08:30:59,349 [WARN] DbFile:36 - Overriding database path with different value: C:\Users\Alunos\.stmcufinder\plugins\mcufinder/ => C:\Users\Alunos\.stmcufinder\plugins\mcufinder
2026-08-17 08:30:59,349 [INFO] DbBoardsJson:56 - Set database path to: C:\Users\Alunos\.stmcufinder\plugins\mcufinder//mcu/
2026-08-17 08:30:59,349 [WARN] DbFile:36 - Overriding database path with different value: C:\Users\Alunos\.stmcufinder\plugins\mcufinder/ => C:\Users\Alunos\.stmcufinder\plugins\mcufinder
2026-08-17 08:30:59,349 [WARN] DbFile:36 - Overriding database path with different value: C:\Users\Alunos\.stmcufinder\plugins\mcufinder/ => C:\Users\Alunos\.stmcufinder\plugins\mcufinder
2026-08-17 08:30:59,349 [INFO] CrossReferenceDbSqlite:196 - Set database path to: C:\Users\Alunos\.stmcufinder\plugins\mcufinder//mcu/cs/
2026-08-17 08:30:59,349 [WARN] DbFile:36 - Overriding database path with different value: C:\Users\Alunos\.stmcufinder\plugins\mcufinder/ => C:\Users\Alunos\.stmcufinder\plugins\mcufinder
2026-08-17 08:30:59,349 [INFO] DbExamplesSqlite:699 - Set database path to: C:\Users\Alunos\.stmcufinder\plugins\mcufinder//mcu/
2026-08-17 08:30:59,377 [INFO] MainPanel:190 - HeapMemory: 1049624576
2026-08-17 08:30:59,424 [INFO] DbMcusXml:71 - Set database path to: C:\ST\STM32CubeIDE_1.5.1\STM32CubeIDE\plugins\com.st.stm32cube.common.mx_6.1.1.202012091304\\db\/mcu/
2026-08-17 08:30:59,424 [INFO] DbBoardsPdsc:57 - Set plugin database path to: C:\ST\STM32CubeIDE_1.5.1\STM32CubeIDE\plugins\com.st.stm32cube.common.mx_6.1.1.202012091304\\db\/plugins/boardmanager/
2026-08-17 08:30:59,424 [INFO] DbMcus:259 - Set plugin images path to: C:\ST\STM32CubeIDE_1.5.1\STM32CubeIDE\plugins\com.st.stm32cube.common.mx_6.1.1.202012091304\\db\/plugins/mcufinder/images/
2026-08-17 08:30:59,424 [INFO] DbBoards:265 - Set plugin images path to: C:\ST\STM32CubeIDE_1.5.1\STM32CubeIDE\plugins\com.st.stm32cube.common.mx_6.1.1.202012091304\\db\/plugins/mcufinder/images/
2026-08-17 08:30:59,424 [INFO] DbExamples:329 - Set plugin images path to: C:\ST\STM32CubeIDE_1.5.1\STM32CubeIDE\plugins\com.st.stm32cube.common.mx_6.1.1.202012091304\\db\/plugins/mcufinder/images/
2026-08-17 08:30:59,424 [WARN] DbFile:36 - Overriding database path with different value: C:\Users\Alunos\.stmcufinder\plugins\mcufinder/ => C:\Users\Alunos\.stmcufinder\plugins\mcufinder
2026-08-17 08:30:59,424 [INFO] DbMcusDocs:112 - Set database path to: C:\Users\Alunos\.stmcufinder\plugins\mcufinder//mcu/
2026-08-17 08:30:59,424 [WARN] DbFile:36 - Overriding database path with different value: C:\Users\Alunos\.stmcufinder\plugins\mcufinder/ => C:\Users\Alunos\.stmcufinder\plugins\mcufinder
2026-08-17 08:30:59,424 [INFO] DbMcusJson:63 - Set database path to: C:\Users\Alunos\.stmcufinder\plugins\mcufinder//mcu/
2026-08-17 08:30:59,424 [WARN] DbFile:36 - Overriding database path with different value: C:\Users\Alunos\.stmcufinder\plugins\mcufinder/ => C:\Users\Alunos\.stmcufinder\plugins\mcufinder
2026-08-17 08:30:59,424 [INFO] DbBoardsDocs:112 - Set database path to: C:\Users\Alunos\.stmcufinder\plugins\mcufinder//mcu/
2026-08-17 08:30:59,424 [WARN] DbFile:36 - Overriding database path with different value: C:\Users\Alunos\.stmcufinder\plugins\mcufinder/ => C:\Users\Alunos\.stmcufinder\plugins\mcufinder
2026-08-17 08:30:59,424 [INFO] DbBoardsJson:56 - Set database path to: C:\Users\Alunos\.stmcufinder\plugins\mcufinder//mcu/
2026-08-17 08:30:59,424 [WARN] DbFile:36 - Overriding database path with different value: C:\Users\Alunos\.stmcufinder\plugins\mcufinder/ => C:\Users\Alunos\.stmcufinder\plugins\mcufinder
2026-08-17 08:30:59,424 [WARN] DbFile:36 - Overriding database path with different value: C:\Users\Alunos\.stmcufinder\plugins\mcufinder/ => C:\Users\Alunos\.stmcufinder\plugins\mcufinder
2026-08-17 08:30:59,424 [INFO] CrossReferenceDbSqlite:196 - Set database path to: C:\Users\Alunos\.stmcufinder\plugins\mcufinder//mcu/cs/
2026-08-17 08:30:59,424 [WARN] DbFile:36 - Overriding database path with different value: C:\Users\Alunos\.stmcufinder\plugins\mcufinder/ => C:\Users\Alunos\.stmcufinder\plugins\mcufinder
2026-08-17 08:30:59,424 [INFO] DbExamplesSqlite:699 - Set database path to: C:\Users\Alunos\.stmcufinder\plugins\mcufinder//mcu/
2026-08-17 08:30:59,440 [INFO] ApplicationProperties:181 - Using Application install path: C:\ST\STM32CubeIDE_1.5.1\STM32CubeIDE\plugins\com.st.stm32cube.common.mx_6.1.1.202012091304
2026-08-17 08:30:59,440 [INFO] PluginManage:178 - Search for loadable plugins [exclusion list=, ]
2026-08-17 08:30:59,440 [INFO] PluginManage:292 - Check plugin analytics
2026-08-17 08:30:59,533 [INFO] AnalyticsPlugin:225 - Accepted Software Licenses: 
2026-08-17 08:30:59,533 [INFO] AnalyticsPlugin:227 - Accepted CMSIS Pack Licenses: 
2026-08-17 08:30:59,533 [INFO] AnalyticsPlugin:229 - Accepted Firmware Licenses: 
2026-08-17 08:30:59,533 [INFO] PluginManage:342 - Loaded plugin analytics (category:tool,tabindex:-1)
2026-08-17 08:30:59,533 [INFO] PluginManage:292 - Check plugin clock
2026-08-17 08:30:59,549 [INFO] PluginManage:342 - Loaded plugin clock (category:base,tabindex:2)
2026-08-17 08:30:59,549 [INFO] PluginManage:292 - Check plugin ddr
2026-08-17 08:30:59,549 [INFO] PluginManage:342 - Loaded plugin ddr (category:tool,tabindex:6)
2026-08-17 08:30:59,549 [INFO] PluginManage:292 - Check plugin filemanager
2026-08-17 08:30:59,627 [INFO] PluginManage:342 - Loaded plugin filemanager (category:base,tabindex:10)
2026-08-17 08:30:59,627 [INFO] PluginManage:292 - Check plugin ipmanager
2026-08-17 08:30:59,627 [INFO] PluginManage:342 - Loaded plugin ipmanager (category:base,tabindex:5)
2026-08-17 08:30:59,627 [INFO] PluginManage:292 - Check plugin pinoutandconfiguration
2026-08-17 08:30:59,653 [INFO] PluginManage:342 - Loaded plugin pinoutandconfiguration (category:base,tabindex:1)
2026-08-17 08:30:59,653 [INFO] PluginManage:292 - Check plugin pinoutconfig
2026-08-17 08:30:59,677 [INFO] PluginManage:342 - Loaded plugin pinoutconfig (category:base,tabindex:0)
2026-08-17 08:30:59,677 [INFO] PluginManage:292 - Check plugin power
2026-08-17 08:30:59,689 [INFO] PluginManage:342 - Loaded plugin power (category:power,tabindex:4)
2026-08-17 08:30:59,689 [INFO] PluginManage:292 - Check plugin projectmanager
2026-08-17 08:30:59,689 [INFO] PluginManage:342 - Loaded plugin projectmanager (category:projectmanager,tabindex:3)
2026-08-17 08:30:59,689 [INFO] PluginManage:292 - Check plugin thirdparty
2026-08-17 08:30:59,861 [INFO] PluginManage:342 - Loaded plugin thirdparty (category:base,tabindex:-1)
2026-08-17 08:30:59,861 [WARN] IntegrityCheckThread:59 - waiting for thirdparty lock release [integrity check]
2026-08-17 08:30:59,861 [INFO] PluginManage:292 - Check plugin tools
2026-08-17 08:30:59,861 [INFO] IntegrityCheckThread:61 - entering critical section [integrity check]
2026-08-17 08:30:59,861 [INFO] ThirdPartyUpdaterWithRetryManager:56 - Updater plugin not ready yet. [1/15]
2026-08-17 08:30:59,924 [INFO] PluginManage:342 - Loaded plugin tools (category:base,tabindex:7)
2026-08-17 08:30:59,924 [INFO] PluginManage:292 - Check plugin tutovideos
2026-08-17 08:31:00,069 [INFO] PluginManage:342 - Loaded plugin tutovideos (category:base,tabindex:-1)
2026-08-17 08:31:00,069 [INFO] PluginManage:292 - Check plugin updater
2026-08-17 08:31:00,084 [INFO] PluginManage:342 - Loaded plugin updater (category:base,tabindex:12)
2026-08-17 08:31:00,084 [INFO] PluginManage:265 - PluginManage : Loaded plugins [13]
2026-08-17 08:31:00,221 [INFO] PinOutPanel:1434 - setPackage(No Configuration,No Configuration)
2026-08-17 08:31:00,304 [INFO] IPUIPlugin:64 - create IPUIPlugin
2026-08-17 08:31:00,304 [INFO] PluginManager:203 - loadIPPluginJar : add adc
2026-08-17 08:31:00,349 [INFO] IPUIPlugin:64 - create IPUIPlugin
2026-08-17 08:31:00,349 [INFO] PluginManager:203 - loadIPPluginJar : add aes
2026-08-17 08:31:00,396 [INFO] IPUIPlugin:64 - create IPUIPlugin
2026-08-17 08:31:00,396 [INFO] PluginManager:203 - loadIPPluginJar : add can
2026-08-17 08:31:00,428 [INFO] IPUIPlugin:64 - create IPUIPlugin
2026-08-17 08:31:00,428 [INFO] PluginManager:203 - loadIPPluginJar : add comp
2026-08-17 08:31:00,455 [INFO] IPUIPlugin:64 - create IPUIPlugin
2026-08-17 08:31:00,455 [INFO] PluginManager:203 - loadIPPluginJar : add cryp
2026-08-17 08:31:00,486 [INFO] IPUIPlugin:64 - create IPUIPlugin
2026-08-17 08:31:00,486 [INFO] PluginManager:203 - loadIPPluginJar : add dfsdm
2026-08-17 08:31:00,511 [INFO] IPUIPlugin:64 - create IPUIPlugin
2026-08-17 08:31:00,512 [INFO] PluginManager:203 - loadIPPluginJar : add dma
2026-08-17 08:31:00,537 [INFO] IPUIPlugin:64 - create IPUIPlugin
2026-08-17 08:31:00,537 [INFO] PluginManager:203 - loadIPPluginJar : add fatfs
2026-08-17 08:31:00,580 [INFO] IPUIPlugin:64 - create IPUIPlugin
2026-08-17 08:31:00,580 [INFO] PluginManager:203 - loadIPPluginJar : add fmc
2026-08-17 08:31:00,596 [INFO] IPUIPlugin:64 - create IPUIPlugin
2026-08-17 08:31:00,596 [INFO] PluginManager:203 - loadIPPluginJar : add freertos
2026-08-17 08:31:00,627 [INFO] IPUIPlugin:64 - create IPUIPlugin
2026-08-17 08:31:00,627 [INFO] PluginManager:203 - loadIPPluginJar : add genericplugin
2026-08-17 08:31:00,705 [INFO] IPUIPlugin:64 - create IPUIPlugin
2026-08-17 08:31:00,705 [INFO] PluginManager:203 - loadIPPluginJar : add gfxmmu
2026-08-17 08:31:00,803 [INFO] IPUIPlugin:64 - create IPUIPlugin
2026-08-17 08:31:00,803 [INFO] PluginManager:203 - loadIPPluginJar : add gic
2026-08-17 08:31:00,819 [INFO] IPUIPlugin:64 - create IPUIPlugin
2026-08-17 08:31:00,819 [INFO] PluginManager:203 - loadIPPluginJar : add gpio
2026-08-17 08:31:00,890 [INFO] IPUIPlugin:64 - create IPUIPlugin
2026-08-17 08:31:00,890 [INFO] PluginManager:203 - loadIPPluginJar : add gtzc
2026-08-17 08:31:00,908 [INFO] IPUIPlugin:64 - create IPUIPlugin
2026-08-17 08:31:00,908 [INFO] PluginManager:203 - loadIPPluginJar : add hash
2026-08-17 08:31:00,971 [INFO] IPUIPlugin:64 - create IPUIPlugin
2026-08-17 08:31:00,971 [INFO] PluginManager:203 - loadIPPluginJar : add i2c
2026-08-17 08:31:01,010 [INFO] IPUIPlugin:64 - create IPUIPlugin
2026-08-17 08:31:01,011 [INFO] PluginManager:203 - loadIPPluginJar : add i2s
2026-08-17 08:31:01,023 [INFO] IPUIPlugin:64 - create IPUIPlugin
2026-08-17 08:31:01,023 [INFO] PluginManager:203 - loadIPPluginJar : add ipddr
2026-08-17 08:31:01,054 [INFO] IPUIPlugin:64 - create IPUIPlugin
2026-08-17 08:31:01,054 [INFO] PluginManager:203 - loadIPPluginJar : add lorawan
2026-08-17 08:31:01,099 [INFO] IPUIPlugin:64 - create IPUIPlugin
2026-08-17 08:31:01,100 [INFO] PluginManager:203 - loadIPPluginJar : add ltdc
2026-08-17 08:31:01,111 [INFO] IPUIPlugin:64 - create IPUIPlugin
2026-08-17 08:31:01,111 [INFO] PluginManager:203 - loadIPPluginJar : add mdma
2026-08-17 08:31:01,121 [INFO] IPUIPlugin:64 - create IPUIPlugin
2026-08-17 08:31:01,121 [INFO] PluginManager:203 - loadIPPluginJar : add nvic
2026-08-17 08:31:01,152 [INFO] IPUIPlugin:64 - create IPUIPlugin
2026-08-17 08:31:01,152 [INFO] PluginManager:203 - loadIPPluginJar : add opamp
2026-08-17 08:31:01,213 [INFO] IPUIPlugin:64 - create IPUIPlugin
2026-08-17 08:31:01,214 [INFO] PluginManager:203 - loadIPPluginJar : add openamp
2026-08-17 08:31:01,256 [INFO] IPUIPlugin:64 - create IPUIPlugin
2026-08-17 08:31:01,256 [INFO] PluginManager:203 - loadIPPluginJar : add pdm2pcm
2026-08-17 08:31:01,269 [INFO] IPUIPlugin:64 - create IPUIPlugin
2026-08-17 08:31:01,271 [INFO] PluginManager:203 - loadIPPluginJar : add plateformsettings
2026-08-17 08:31:01,287 [INFO] IPUIPlugin:64 - create IPUIPlugin
2026-08-17 08:31:01,287 [INFO] PluginManager:203 - loadIPPluginJar : add quadspi
2026-08-17 08:31:01,303 [INFO] IPUIPlugin:64 - create IPUIPlugin
2026-08-17 08:31:01,303 [INFO] PluginManager:203 - loadIPPluginJar : add resmgrutility
2026-08-17 08:31:01,346 [INFO] IPUIPlugin:64 - create IPUIPlugin
2026-08-17 08:31:01,362 [INFO] PluginManager:203 - loadIPPluginJar : add sai
2026-08-17 08:31:01,393 [INFO] IPUIPlugin:64 - create IPUIPlugin
2026-08-17 08:31:01,393 [INFO] PluginManager:203 - loadIPPluginJar : add spi
2026-08-17 08:31:01,440 [INFO] IPUIPlugin:64 - create IPUIPlugin
2026-08-17 08:31:01,440 [INFO] PluginManager:203 - loadIPPluginJar : add stm32_wpan
2026-08-17 08:31:01,471 [INFO] IPUIPlugin:64 - create IPUIPlugin
2026-08-17 08:31:01,471 [INFO] PluginManager:203 - loadIPPluginJar : add tim
2026-08-17 08:31:01,535 [INFO] IPUIPlugin:64 - create IPUIPlugin
2026-08-17 08:31:01,536 [INFO] PluginManager:203 - loadIPPluginJar : add touchsensing
2026-08-17 08:31:01,549 [INFO] IPUIPlugin:64 - create IPUIPlugin
2026-08-17 08:31:01,564 [INFO] PluginManager:203 - loadIPPluginJar : add tracer_emb
2026-08-17 08:31:01,587 [INFO] IPUIPlugin:64 - create IPUIPlugin
2026-08-17 08:31:01,587 [INFO] PluginManager:203 - loadIPPluginJar : add ts
2026-08-17 08:31:01,618 [INFO] IPUIPlugin:64 - create IPUIPlugin
2026-08-17 08:31:01,618 [INFO] PluginManager:203 - loadIPPluginJar : add tsc
2026-08-17 08:31:01,650 [INFO] IPUIPlugin:64 - create IPUIPlugin
2026-08-17 08:31:01,650 [INFO] PluginManager:203 - loadIPPluginJar : add ucpd
2026-08-17 08:31:01,689 [INFO] IPUIPlugin:64 - create IPUIPlugin
2026-08-17 08:31:01,689 [INFO] PluginManager:203 - loadIPPluginJar : add usart
2026-08-17 08:31:01,884 [FATAL] Updater:284 - Updater called before beeing initialized
2026-08-17 08:31:01,937 [FATAL] Updater:284 - Updater called before beeing initialized
2026-08-17 08:31:01,956 [WARN] DetailPanel:347 - Failed to get advertising image, set to default
2026-08-17 08:31:01,956 [FATAL] Updater:284 - Updater called before beeing initialized
2026-08-17 08:31:01,956 [WARN] DetailPanel:347 - Failed to get advertising image, set to default
2026-08-17 08:31:01,987 [FATAL] Updater:284 - Updater called before beeing initialized
2026-08-17 08:31:01,987 [WARN] ThirdParty:783 - waiting for thirdparty lock release [close project]
2026-08-17 08:31:02,862 [INFO] ThirdPartyUpdaterWithRetryManager:56 - Updater plugin not ready yet. [2/15]
2026-08-17 08:31:05,866 [FATAL] Updater:284 - Updater called before beeing initialized
2026-08-17 08:31:05,866 [ERROR] AbstractThirdPartyUpdaterManager:153 - java.lang.Integer cannot be cast to java.util.List
2026-08-17 08:31:05,866 [INFO] ThirdParty:887 - Integrity check success = false
2026-08-17 08:31:05,867 [INFO] IntegrityCheckThread:75 - exiting critical section [integrity check]
2026-08-17 08:31:05,867 [INFO] IntegrityCheckThread:78 - End integrity checks thread
2026-08-17 08:31:05,867 [INFO] ThirdParty:785 - entering critical section [close project]
2026-08-17 08:31:05,868 [INFO] ThirdParty:796 - exiting critical section [close project]
2026-08-17 08:31:05,871 [INFO] PinOutPanel:1434 - setPackage(No Configuration,No Configuration)
2026-08-17 08:31:05,872 [FATAL] Updater:284 - Updater called before beeing initialized
2026-08-17 08:31:05,877 [ERROR] Updater:1065 - MainUpdater not yet initialized. External WinMGr cannot be set.
2026-08-17 08:31:05,892 [INFO] Updater:1002 - Updater Version found : 6.1.1
2026-08-17 08:31:05,908 [INFO] ApplicationProperties:181 - Using Application install path: C:\ST\STM32CubeIDE_1.5.1\STM32CubeIDE\plugins\com.st.stm32cube.common.mx_6.1.1.202012091304
2026-08-17 08:31:06,169 [INFO] MainUpdater:2644 - connection check result : 10
2026-08-17 08:31:06,169 [INFO] MainUpdater:3332 - Updater definition file requires update
2026-08-17 08:31:06,169 [INFO] MainUpdater:249 - Updater Check For Update Now.
2026-08-17 08:31:06,169 [INFO] MicroXplorer:415 - Change Database Version : DB.6.0.10
2026-08-17 08:31:06,309 [INFO] ServerAccessManage:348 - Download File updaters.zip
2026-08-17 08:31:06,376 [INFO] FileExtend:225 - Unzip File : updaters.zip
2026-08-17 08:31:06,376 [INFO] FileExtend:240 - Standard Zip Deflate
2026-08-17 08:31:07,069 [INFO] ServerAccessManage:348 - Download File PacksControlFlags.xml
2026-08-17 08:31:07,215 [INFO] ServerAccessManage:348 - Download File cubemx.pidx
2026-08-17 08:31:07,295 [INFO] LoadServerUpdatesThread:329 - End of LoadServerUpdate Thread
2026-08-17 08:31:07,330 [INFO] CheckServerUpdateThread:102 - End of CheckServer Thread
2026-08-17 08:31:07,408 [INFO] MainUpdater:2644 - connection check result : 10
2026-08-17 08:31:07,417 [INFO] MainUpdater:2644 - connection check result : 10
2026-08-17 08:31:07,565 [INFO] MicroXplorer:385 - Change Database Path : 
2026-08-17 08:31:07,565 [INFO] MicroXplorer:415 - Change Database Version : DB.6.0.10
2026-08-17 08:31:07,565 [WARN] ThirdParty:783 - waiting for thirdparty lock release [close project]
2026-08-17 08:31:07,565 [INFO] ThirdParty:785 - entering critical section [close project]
2026-08-17 08:31:07,565 [INFO] ThirdParty:796 - exiting critical section [close project]
2026-08-17 08:31:07,565 [INFO] PinOutPanel:1434 - setPackage(No Configuration,No Configuration)
2026-08-17 08:31:07,565 [INFO] UtilMem:74 - Begin LoadConfig() Used Memory: 876311176 Bytes (1073741824)
2026-08-17 08:31:07,565 [INFO] MicroXplorer:385 - Change Database Path : 
2026-08-17 08:31:07,565 [INFO] MicroXplorer:415 - Change Database Version : DB.6.0.10
2026-08-17 08:31:07,565 [INFO] OpenFileManager:274 - Change cursor
2026-08-17 08:31:07,565 [WARN] ThirdParty:204 - Use empty third party IP manager
2026-08-17 08:31:07,580 [WARN] IntegrityCheckThread:59 - waiting for thirdparty lock release [integrity check]
2026-08-17 08:31:07,580 [INFO] IntegrityCheckThread:61 - entering critical section [integrity check]
2026-08-17 08:31:07,719 [ERROR] Engine:500 - C:\Users\Alunos\.stm32cubemx\thirdparties\pdsc\STMicroelectronics.FP-SNS-MOTENVWB1.1.4.0.pdsc: PDSC version is not supported
2026-08-17 08:31:07,783 [ERROR] Engine:500 - C:\Users\Alunos\.stm32cubemx\thirdparties\pdsc\STMicroelectronics.X-CUBE-SMBUS.2.1.1.pdsc: PDSC version is not supported
2026-08-17 08:31:07,799 [ERROR] Engine:500 - C:\Users\Alunos\.stm32cubemx\thirdparties\pdsc\STMicroelectronics.X-CUBE-SMBUS.2.1.0.pdsc: PDSC version is not supported
2026-08-17 08:31:07,833 [ERROR] Engine:500 - C:\Users\Alunos\.stm32cubemx\thirdparties\pdsc\STMicroelectronics.X-CUBE-ST60.1.0.0.pdsc: PDSC version is not supported
2026-08-17 08:31:07,877 [ERROR] Engine:500 - C:\Users\Alunos\.stm32cubemx\thirdparties\pdsc\STMicroelectronics.X-CUBE-FREERTOS.1.6.0.pdsc: PDSC version is not supported
2026-08-17 08:31:07,877 [ERROR] Engine:500 - C:\Users\Alunos\.stm32cubemx\thirdparties\pdsc\STMicroelectronics.FP-SNS-MOTENV1.5.1.0.pdsc: PDSC version is not supported
2026-08-17 08:31:07,908 [ERROR] Engine:500 - C:\Users\Alunos\.stm32cubemx\thirdparties\pdsc\STMicroelectronics.FP-SNS-FLIGHT1.5.0.2.pdsc: PDSC version is not supported
2026-08-17 08:31:07,924 [ERROR] Engine:500 - C:\Users\Alunos\.stm32cubemx\thirdparties\pdsc\Infineon.AIROC-Wi-Fi-Bluetooth-STM32.1.7.0.pdsc: PDSC version is not supported
2026-08-17 08:31:07,971 [ERROR] Engine:500 - C:\Users\Alunos\.stm32cubemx\thirdparties\pdsc\STMicroelectronics.X-CUBE-DISPLAY.3.0.0.pdsc: PDSC version is not supported
2026-08-17 08:31:07,987 [ERROR] Engine:500 - C:\Users\Alunos\.stm32cubemx\thirdparties\pdsc\STMicroelectronics.FP-SNS-MOTENVWB1.1.5.0.pdsc: PDSC version is not supported
2026-08-17 08:31:08,003 [ERROR] Engine:500 - C:\Users\Alunos\.stm32cubemx\thirdparties\pdsc\STMicroelectronics.X-CUBE-BLEMGR.4.0.0.pdsc: PDSC version is not supported
2026-08-17 08:31:08,018 [ERROR] Engine:500 - C:\Users\Alunos\.stm32cubemx\thirdparties\pdsc\STMicroelectronics.X-CUBE-ST60.1.1.0.pdsc: PDSC version is not supported
2026-08-17 08:31:08,018 [ERROR] Engine:500 - C:\Users\Alunos\.stm32cubemx\thirdparties\pdsc\emotas.I-CUBE-CANOPEN.1.3.0.pdsc: PDSC version is not supported
2026-08-17 08:31:08,034 [ERROR] Engine:500 - C:\Users\Alunos\.stm32cubemx\thirdparties\pdsc\STMicroelectronics.X-CUBE-WBA.1.1.0.pdsc: PDSC version is not supported
2026-08-17 08:31:08,065 [ERROR] Engine:500 - C:\Users\Alunos\.stm32cubemx\thirdparties\pdsc\STMicroelectronics.FP-SNS-STBOX1.2.1.0.pdsc: PDSC version is not supported
2026-08-17 08:31:08,072 [ERROR] Engine:500 - C:\Users\Alunos\.stm32cubemx\thirdparties\pdsc\STMicroelectronics.FP-SNS-SMARTAG2.1.2.0.pdsc: PDSC version is not supported
2026-08-17 08:31:08,080 [ERROR] Engine:500 - C:\Users\Alunos\.stm32cubemx\thirdparties\pdsc\STMicroelectronics.FP-SNS-FLIGHT1.5.1.0.pdsc: PDSC version is not supported
2026-08-17 08:31:08,248 [INFO] LogOutputStream:76 - [STDOUT_REDIRECT] 1 : Invalid condition id : UX_CORESTACK_Condition cause : null
2026-08-17 08:31:08,250 [INFO] LogOutputStream:76 - [STDOUT_REDIRECT] 1 : Invalid condition id : UX_CORESTACK_Condition cause : null
2026-08-17 08:31:08,252 [INFO] LogOutputStream:76 - [STDOUT_REDIRECT] 1 : Invalid condition id : UX_CORESTACK_Condition cause : null
2026-08-17 08:31:08,252 [INFO] LogOutputStream:76 - [STDOUT_REDIRECT] 1 : Invalid condition id : UX_CORESTACK_Condition cause : null
2026-08-17 08:31:08,252 [INFO] LogOutputStream:76 - [STDOUT_REDIRECT] 1 : Invalid condition id : UX_CORESTACK_Condition cause : null
2026-08-17 08:31:08,268 [ERROR] Engine:500 - C:\Users\Alunos\.stm32cubemx\thirdparties\pdsc\STMicroelectronics.FP-SNS-MOTENV1.5.0.0.pdsc: PDSC version is not supported
2026-08-17 08:31:08,353 [ERROR] Engine:500 - C:\Users\Alunos\.stm32cubemx\thirdparties\pdsc\Avnet-IOTCONNECT.X-CUBE-iotc-st67-sdk.1.0.0.pdsc: PDSC version is not supported
2026-08-17 08:31:08,415 [ERROR] Engine:500 - C:\Users\Alunos\.stm32cubemx\thirdparties\pdsc\STMicroelectronics.X-CUBE-FREERTOS.1.4.0.pdsc: PDSC version is not supported
2026-08-17 08:31:08,446 [ERROR] Engine:500 - C:\Users\Alunos\.stm32cubemx\thirdparties\pdsc\STMicroelectronics.X-CUBE-ST67W61.1.1.0.pdsc: PDSC version is not supported
2026-08-17 08:31:08,462 [ERROR] Engine:500 - C:\Users\Alunos\.stm32cubemx\thirdparties\pdsc\STMicroelectronics.FP-SNS-STAIOTCFT.1.1.0.pdsc: PDSC version is not supported
2026-08-17 08:31:08,722 [ERROR] Engine:500 - C:\Users\Alunos\.stm32cubemx\thirdparties\pdsc\EmbeddedOffice.I-CUBE-FS-RTOS.1.0.1.pdsc: PDSC version is not supported
2026-08-17 08:31:08,768 [ERROR] Engine:500 - C:\Users\Alunos\.stm32cubemx\thirdparties\pdsc\STMicroelectronics.X-CUBE-TCPP.4.2.0.pdsc: PDSC version is not supported
2026-08-17 08:31:08,783 [ERROR] Engine:500 - C:\Users\Alunos\.stm32cubemx\thirdparties\pdsc\RealThread.X-CUBE-RT-Thread_Nano.4.1.1.pdsc: PDSC version is not supported
2026-08-17 08:31:08,799 [ERROR] Engine:500 - C:\Users\Alunos\.stm32cubemx\thirdparties\pdsc\quantropi.X-CUBE-qispace-sdk-base.1.9.3.pdsc: PDSC version is not supported
2026-08-17 08:31:08,817 [ERROR] Engine:500 - C:\Users\Alunos\.stm32cubemx\thirdparties\pdsc\STMicroelectronics.X-CUBE-FREERTOS.1.5.0.pdsc: PDSC version is not supported
2026-08-17 08:31:08,830 [ERROR] Engine:500 - C:\Users\Alunos\.stm32cubemx\thirdparties\pdsc\ITTIA_DB.I-CUBE-ITTIADB.8.9.0.pdsc: PDSC version is not supported
2026-08-17 08:31:08,846 [ERROR] Engine:500 - C:\Users\Alunos\.stm32cubemx\thirdparties\pdsc\STMicroelectronics.X-CUBE-ST67W61.1.0.0.pdsc: PDSC version is not supported
2026-08-17 08:31:09,221 [ERROR] Engine:500 - C:\Users\Alunos\.stm32cubemx\thirdparties\pdsc\Avnet-IotConnect.X-CUBE-IoTC-DA16k-PMOD.1.0.0.pdsc: PDSC version is not supported
2026-08-17 08:31:09,261 [ERROR] Engine:500 - C:\Users\Alunos\.stm32cubemx\thirdparties\pdsc\STMicroelectronics.X-CUBE-IPS.3.2.0.pdsc: PDSC version is not supported
2026-08-17 08:31:09,274 [ERROR] Engine:500 - C:\Users\Alunos\.stm32cubemx\thirdparties\pdsc\STMicroelectronics.eDS-WB_DPC_TT-BIDIR.2.1.1.pdsc: PDSC version is not supported
2026-08-17 08:31:09,334 [ERROR] Engine:500 - C:\Users\Alunos\.stm32cubemx\thirdparties\pdsc\STMicroelectronics.X-CUBE-DPower.1.2.0.pdsc: PDSC version is not supported
2026-08-17 08:31:09,350 [ERROR] Engine:500 - C:\Users\Alunos\.stm32cubemx\thirdparties\pdsc\STMicroelectronics.eDS-WB_DPC_VIENNA.1.2.0.pdsc: PDSC version is not supported
2026-08-17 08:31:09,466 [ERROR] Engine:500 - C:\Users\Alunos\.stm32cubemx\thirdparties\pdsc\STMicroelectronics.eDS-WB_DPC_3PH2L-BIDIR.1.1.1.pdsc: PDSC version is not supported
2026-08-17 08:31:09,475 [ERROR] Engine:500 - C:\Users\Alunos\.stm32cubemx\thirdparties\pdsc\STMicroelectronics.X-CUBE-ST67W61.1.3.0.pdsc: PDSC version is not supported
2026-08-17 08:31:09,481 [ERROR] Engine:500 - C:\Users\Alunos\.stm32cubemx\thirdparties\pdsc\STMicroelectronics.X-CUBE-FREERTOS.1.3.1.pdsc: PDSC version is not supported
2026-08-17 08:31:09,486 [ERROR] Engine:500 - C:\Users\Alunos\.stm32cubemx\thirdparties\pdsc\STMicroelectronics.X-CUBE-FREERTOS.1.3.0.pdsc: PDSC version is not supported
2026-08-17 08:31:09,520 [ERROR] Engine:500 - C:\Users\Alunos\.stm32cubemx\thirdparties\pdsc\STMicroelectronics.FP-SNS-STAIOTCFT.1.0.0.pdsc: PDSC version is not supported
2026-08-17 08:31:09,527 [ERROR] Engine:500 - C:\Users\Alunos\.stm32cubemx\thirdparties\pdsc\STMicroelectronics.X-CUBE-DPower.1.3.0.pdsc: PDSC version is not supported
2026-08-17 08:31:09,538 [WARN] ConditionMgr:437 - getConditionDescription Invalid condition id : LAN8742 Phy interface Condition cause : null
2026-08-17 08:31:09,538 [WARN] ConditionMgr:1040 - genDependencies : Invalid condition id : LAN8742 Phy interface Condition cause : null
2026-08-17 08:31:09,538 [WARN] ConditionMgr:1040 - genDependencies : Invalid condition id : LAN8742 Phy interface Condition cause : null
2026-08-17 08:31:09,538 [WARN] ConditionMgr:1040 - genDependencies : Invalid condition id : LAN8742 Phy interface Condition cause : null
2026-08-17 08:31:09,569 [ERROR] Engine:500 - C:\Users\Alunos\.stm32cubemx\thirdparties\pdsc\STMicroelectronics.X-CUBE-ST67W61.1.2.0.pdsc: PDSC version is not supported
2026-08-17 08:31:09,596 [ERROR] Engine:500 - C:\Users\Alunos\.stm32cubemx\thirdparties\pdsc\STMicroelectronics.X-CUBE-BLEMGR.4.1.0.pdsc: PDSC version is not supported
2026-08-17 08:31:09,596 [WARN] ConditionMgr:437 - getConditionDescription Invalid condition id : UX DEVICE CLASS RTOS Condition cause : null
2026-08-17 08:31:09,596 [WARN] ConditionMgr:437 - getConditionDescription Invalid condition id : UX DEVICE CLASS RTOS Condition cause : null
2026-08-17 08:31:09,596 [WARN] ConditionMgr:1040 - genDependencies : Invalid condition id : UX DEVICE CLASS RTOS Condition cause : null
2026-08-17 08:31:09,611 [WARN] ConditionMgr:1040 - genDependencies : Invalid condition id : UX DEVICE CLASS RTOS Condition cause : null
2026-08-17 08:31:09,612 [WARN] ConditionMgr:1040 - genDependencies : Invalid condition id : UX DEVICE CLASS RTOS Condition cause : null
2026-08-17 08:31:09,612 [WARN] ConditionMgr:1040 - genDependencies : Invalid condition id : UX DEVICE CLASS RTOS Condition cause : null
2026-08-17 08:31:09,612 [WARN] ConditionMgr:1040 - genDependencies : Invalid condition id : UX DEVICE CLASS RTOS Condition cause : null
2026-08-17 08:31:09,637 [ERROR] Engine:500 - C:\Users\Alunos\.stm32cubemx\thirdparties\pdsc\STMicroelectronics.FP-SNS-STBOX1.2.0.0.pdsc: PDSC version is not supported
2026-08-17 08:31:09,806 [ERROR] Engine:500 - C:\Users\Alunos\.stm32cubemx\thirdparties\pdsc\Cesanta.I-CUBE-Mongoose.7.13.0.pdsc: PDSC version is not supported
2026-08-17 08:31:09,846 [ERROR] Engine:500 - C:\Users\Alunos\.stm32cubemx\thirdparties\pdsc\STMicroelectronics.X-CUBE-IPS.3.1.0.pdsc: PDSC version is not supported
2026-08-17 08:31:09,861 [ERROR] Engine:500 - C:\Users\Alunos\.stm32cubemx\thirdparties\pdsc\STMicroelectronics.X-CUBE-BLEMGR.4.2.0.pdsc: PDSC version is not supported
2026-08-17 08:31:09,861 [ERROR] Engine:500 - C:\Users\Alunos\.stm32cubemx\thirdparties\pdsc\STMicroelectronics.X-CUBE-ALS.1.0.2.pdsc: PDSC version is not supported
2026-08-17 08:31:09,924 [ERROR] Engine:500 - C:\Users\Alunos\.stm32cubemx\thirdparties\pdsc\STMicroelectronics.X-CUBE-TOF1.3.4.2.pdsc: PDSC version is not supported
2026-08-17 08:31:09,924 [ERROR] Engine:500 - C:\Users\Alunos\.stm32cubemx\thirdparties\pdsc\STMicroelectronics.X-CUBE-TOF1.3.4.3.pdsc: PDSC version is not supported
2026-08-17 08:31:09,924 [INFO] ThirdParty:887 - Integrity check success = true
2026-08-17 08:31:09,924 [INFO] IntegrityCheckThread:75 - exiting critical section [integrity check]
2026-08-17 08:31:09,924 [INFO] IntegrityCheckThread:78 - End integrity checks thread
2026-08-17 08:31:10,659 [WARN] ApiManager:294 - Cannot register API 'Board Extension:PM33A1' from pack STMicroelectronics.X-CUBE-PM33A1.1.0.0: no header file found
2026-08-17 08:31:10,659 [WARN] ApiManager:294 - Cannot register API 'Board Extension:NFC09A1' from pack STMicroelectronics.X-CUBE-NFC9.1.0.0: no header file found
2026-08-17 08:31:10,659 [WARN] ApiManager:294 - Cannot register API 'Wireless:BlueNRG-MS' from pack STMicroelectronics.X-CUBE-BLE1.7.1.0: no header file found
2026-08-17 08:31:10,659 [WARN] ApiManager:294 - Cannot register API 'Wireless:STM32WB05N' from pack STMicroelectronics.X-CUBE-WB05N.1.1.0: no header file found
2026-08-17 08:31:10,674 [WARN] ApiManager:294 - Cannot register API 'Board Extension:EEPRMA2' from pack STMicroelectronics.X-CUBE-EEPRMA1.5.2.0: no header file found
2026-08-17 08:31:10,675 [WARN] ApiManager:294 - Cannot register API 'Board Extension:PGEEZ1' from pack STMicroelectronics.X-CUBE-EEPRMA1.5.2.0: no header file found
2026-08-17 08:31:10,675 [WARN] ApiManager:294 - Cannot register API 'Board Extension:EEICA1' from pack STMicroelectronics.X-CUBE-EEPRMA1.5.2.0: no header file found
2026-08-17 08:31:10,675 [WARN] ApiManager:294 - Cannot register API 'Board Part:M24' from pack STMicroelectronics.X-CUBE-EEPRMA1.5.2.0: no header file found
2026-08-17 08:31:10,675 [WARN] ApiManager:294 - Cannot register API 'Board Part:M95' from pack STMicroelectronics.X-CUBE-EEPRMA1.5.2.0: no header file found
2026-08-17 08:31:10,675 [WARN] ApiManager:294 - Cannot register API 'Board Part:M95P32' from pack STMicroelectronics.X-CUBE-EEPRMA1.5.2.0: no header file found
2026-08-17 08:31:10,675 [WARN] ApiManager:294 - Cannot register API 'Board Part:M24256E-F' from pack STMicroelectronics.X-CUBE-EEPRMA1.5.2.0: no header file found
2026-08-17 08:31:10,675 [WARN] ApiManager:294 - Cannot register API 'Board Part:M24M01E-F' from pack STMicroelectronics.X-CUBE-EEPRMA1.5.2.0: no header file found
2026-08-17 08:31:10,675 [WARN] ApiManager:294 - Cannot register API 'PGEEZ1:SPI' from pack STMicroelectronics.X-CUBE-EEPRMA1.5.2.0: no header file found
2026-08-17 08:31:10,675 [WARN] ApiManager:294 - Cannot register API 'PGEEZ1:QDSPI' from pack STMicroelectronics.X-CUBE-EEPRMA1.5.2.0: no header file found
2026-08-17 08:31:10,676 [WARN] ApiManager:294 - Cannot register API 'Board Extension:GNSS1A1' from pack STMicroelectronics.X-CUBE-GNSS1.7.0.1: no header file found
2026-08-17 08:31:10,676 [WARN] ApiManager:294 - Cannot register API 'Board Support:Custom' from pack STMicroelectronics.X-CUBE-GNSS1.7.0.1: no header file found
2026-08-17 08:31:10,676 [WARN] ApiManager:294 - Cannot register API 'Data Exchange:lib_gnss' from pack STMicroelectronics.X-CUBE-GNSS1.7.0.1: no header file found
2026-08-17 08:31:10,677 [WARN] ApiManager:294 - Cannot register API 'Board Extension:NFC12A1' from pack STMicroelectronics.X-CUBE-NFC12.1.0.0: no header file found
2026-08-17 08:31:10,683 [WARN] ApiManager:294 - Cannot register API 'Board Extension:NFC06A1' from pack STMicroelectronics.X-CUBE-NFC6.3.1.0: no header file found
2026-08-17 08:31:10,683 [WARN] ApiManager:294 - Cannot register API 'Board Extension:NFC08A1' from pack STMicroelectronics.X-CUBE-NFC6.3.1.0: no header file found
2026-08-17 08:31:10,721 [WARN] ApiManager:294 - Cannot register API 'Board Extension:IKS02A1' from pack STMicroelectronics.X-CUBE-MEMS1.12.0.0: no header file found
2026-08-17 08:31:10,721 [WARN] ApiManager:294 - Cannot register API 'Board Extension:IKS4A1' from pack STMicroelectronics.X-CUBE-MEMS1.12.0.0: no header file found
2026-08-17 08:31:10,721 [WARN] ApiManager:294 - Cannot register API 'Board Extension:IKS5A1' from pack STMicroelectronics.X-CUBE-MEMS1.12.0.0: no header file found
2026-08-17 08:31:10,721 [WARN] ApiManager:294 - Cannot register API 'Board Extension:SAFEA1' from pack STMicroelectronics.X-CUBE-STSE01.2.0.0: no header file found
2026-08-17 08:31:10,721 [WARN] ApiManager:294 - Cannot register API 'Board Extension:ESE01A1' from pack STMicroelectronics.X-CUBE-STSE01.2.0.0: no header file found
2026-08-17 08:31:10,721 [WARN] ApiManager:294 - Cannot register API 'Board Extension:ESE02A1' from pack STMicroelectronics.X-CUBE-STSE01.2.0.0: no header file found
2026-08-17 08:31:10,721 [WARN] ApiManager:294 - Cannot register API 'Board Part:STSAFEA110' from pack STMicroelectronics.X-CUBE-STSE01.2.0.0: no header file found
2026-08-17 08:31:10,721 [WARN] ApiManager:294 - Cannot register API 'Board Part:STSAFEA120' from pack STMicroelectronics.X-CUBE-STSE01.2.0.0: no header file found
2026-08-17 08:31:10,721 [WARN] ApiManager:294 - Cannot register API 'Board Part:STSAFEL010' from pack STMicroelectronics.X-CUBE-STSE01.2.0.0: no header file found
2026-08-17 08:31:10,721 [WARN] ApiManager:294 - Cannot register API 'Security:STM32_Cryptographic' from pack STMicroelectronics.X-CUBE-STSE01.2.0.0: no header file found
2026-08-17 08:31:10,721 [WARN] ApiManager:294 - Cannot register API 'Security:STSELib' from pack STMicroelectronics.X-CUBE-STSE01.2.0.0: no header file found
2026-08-17 08:31:10,754 [WARN] ApiManager:294 - Cannot register API 'Board Extension:IKS01A3' from pack STMicroelectronics.X-CUBE-MEMS1.11.2.0: no header file found
2026-08-17 08:31:10,754 [WARN] ApiManager:294 - Cannot register API 'Board Extension:IKS02A1' from pack STMicroelectronics.X-CUBE-MEMS1.11.2.0: no header file found
2026-08-17 08:31:10,755 [WARN] ApiManager:294 - Cannot register API 'Board Extension:IKS4A1' from pack STMicroelectronics.X-CUBE-MEMS1.11.2.0: no header file found
2026-08-17 08:31:10,758 [INFO] RtosManager:464 - Registered RTOS mode: class=CMSIS, group=RTOS, mode=CMSIS_V1, owner=FREERTOS
2026-08-17 08:31:10,758 [INFO] RtosManager:464 - Registered RTOS mode: class=CMSIS, group=RTOS2, mode=CMSIS_V2, owner=FREERTOS
2026-08-17 08:31:10,758 [INFO] RtosManager:464 - Registered RTOS mode: class=RTOS, group=Core, mode=CMSIS_V1, owner=FREERTOS
2026-08-17 08:31:10,758 [INFO] RtosManager:464 - Registered RTOS mode: class=RTOS, group=Core, mode=CMSIS_V2, owner=FREERTOS
2026-08-17 08:31:10,759 [WARN] ModelIntegratedComponent:182 - Missing modes for component STMicroelectronics:FreeRTOS:0.0.1:STMicroelectronics:RTOS:FreeRTOS:Core:::10.2.0:
2026-08-17 08:31:10,760 [WARN] ApiManager:294 - Cannot register API 'Board Extension:STSAFEA1' from pack STMicroelectronics.X-CUBE-SAFEA1.1.2.2: no header file found
2026-08-17 08:31:10,760 [WARN] ApiManager:294 - Cannot register API 'Board Part:STSAFEA110' from pack STMicroelectronics.X-CUBE-SAFEA1.1.2.2: no header file found
2026-08-17 08:31:10,760 [WARN] ApiManager:294 - Cannot register API 'Security:ST_Cryptolib' from pack STMicroelectronics.X-CUBE-SAFEA1.1.2.2: no header file found
2026-08-17 08:31:10,760 [WARN] ApiManager:294 - Cannot register API 'Security:MbedTLS' from pack STMicroelectronics.X-CUBE-SAFEA1.1.2.2: no header file found
2026-08-17 08:31:10,760 [WARN] ApiManager:294 - Cannot register API 'Board Extension:NFC04A1' from pack STMicroelectronics.X-CUBE-NFC4.3.0.0: no header file found
2026-08-17 08:31:10,761 [WARN] ApiManager:294 - Cannot register API 'Board Extension:S2868A1' from pack STMicroelectronics.X-CUBE-SUBG2.5.0.0: no header file found
2026-08-17 08:31:10,761 [WARN] ApiManager:294 - Cannot register API 'Board Extension:S2868A2' from pack STMicroelectronics.X-CUBE-SUBG2.5.0.0: no header file found
2026-08-17 08:31:10,761 [WARN] ApiManager:294 - Cannot register API 'Board Extension:S2915A1' from pack STMicroelectronics.X-CUBE-SUBG2.5.0.0: no header file found
2026-08-17 08:31:10,777 [WARN] ApiManager:294 - Cannot register API 'Board Extension:IKS02A1' from pack STMicroelectronics.X-CUBE-MEMS1.13.0.0: no header file found
2026-08-17 08:31:10,777 [WARN] ApiManager:294 - Cannot register API 'Board Extension:IKS4A1' from pack STMicroelectronics.X-CUBE-MEMS1.13.0.0: no header file found
2026-08-17 08:31:10,777 [WARN] ApiManager:294 - Cannot register API 'Board Extension:IKS5A1' from pack STMicroelectronics.X-CUBE-MEMS1.13.0.0: no header file found
2026-08-17 08:31:10,781 [WARN] ApiManager:294 - Cannot register API 'Wireless:STM32WB05N' from pack STMicroelectronics.X-CUBE-WB05N.2.0.0: no header file found
2026-08-17 08:31:10,782 [WARN] ApiManager:294 - Cannot register API 'Board Extension:NFC07A1' from pack STMicroelectronics.X-CUBE-NFC7.2.0.0: no header file found
2026-08-17 08:31:10,782 [WARN] ApiManager:294 - Cannot register API 'Board Extension:GNSS1A1' from pack STMicroelectronics.X-CUBE-GNSS1.7.1.1: no header file found
2026-08-17 08:31:10,782 [WARN] ApiManager:294 - Cannot register API 'Board Support:Custom' from pack STMicroelectronics.X-CUBE-GNSS1.7.1.1: no header file found
2026-08-17 08:31:10,782 [WARN] ApiManager:294 - Cannot register API 'Data Exchange:lib_gnss' from pack STMicroelectronics.X-CUBE-GNSS1.7.1.1: no header file found
2026-08-17 08:31:10,783 [WARN] ApiManager:294 - Cannot register API 'Wireless:BlueNRG-MS' from pack STMicroelectronics.X-CUBE-BLE1.7.0.0: no header file found
2026-08-17 08:31:10,783 [WARN] ApiManager:294 - Cannot register API 'Board Extension:NFC10A1' from pack STMicroelectronics.X-CUBE-NFC10.1.0.0: no header file found
2026-08-17 08:31:10,783 [WARN] ApiManager:294 - Cannot register API 'Board Extension:EEPRMA2' from pack STMicroelectronics.X-CUBE-EEPRMA1.5.1.0: no header file found
2026-08-17 08:31:10,783 [WARN] ApiManager:294 - Cannot register API 'Board Extension:PGEEZ1' from pack STMicroelectronics.X-CUBE-EEPRMA1.5.1.0: no header file found
2026-08-17 08:31:10,783 [WARN] ApiManager:294 - Cannot register API 'Board Extension:EEICA1' from pack STMicroelectronics.X-CUBE-EEPRMA1.5.1.0: no header file found
2026-08-17 08:31:10,783 [WARN] ApiManager:294 - Cannot register API 'Board Part:M24' from pack STMicroelectronics.X-CUBE-EEPRMA1.5.1.0: no header file found
2026-08-17 08:31:10,783 [WARN] ApiManager:294 - Cannot register API 'Board Part:M95' from pack STMicroelectronics.X-CUBE-EEPRMA1.5.1.0: no header file found
2026-08-17 08:31:10,783 [WARN] ApiManager:294 - Cannot register API 'Board Part:M95P32' from pack STMicroelectronics.X-CUBE-EEPRMA1.5.1.0: no header file found
2026-08-17 08:31:10,783 [WARN] ApiManager:294 - Cannot register API 'Board Part:M24256E-F' from pack STMicroelectronics.X-CUBE-EEPRMA1.5.1.0: no header file found
2026-08-17 08:31:10,784 [WARN] ApiManager:294 - Cannot register API 'Board Part:M24M01E-F' from pack STMicroelectronics.X-CUBE-EEPRMA1.5.1.0: no header file found
2026-08-17 08:31:10,784 [WARN] ApiManager:294 - Cannot register API 'PGEEZ1:SPI' from pack STMicroelectronics.X-CUBE-EEPRMA1.5.1.0: no header file found
2026-08-17 08:31:10,784 [WARN] ApiManager:294 - Cannot register API 'PGEEZ1:QDSPI' from pack STMicroelectronics.X-CUBE-EEPRMA1.5.1.0: no header file found
2026-08-17 08:31:10,785 [WARN] ModelIntegratedComponent:51 - No mode defined for component null
2026-08-17 08:31:10,785 [WARN] ModelIntegratedComponent:51 - No mode defined for component null
2026-08-17 08:31:10,785 [WARN] ModelIntegratedComponent:51 - No mode defined for component null
2026-08-17 08:31:10,785 [WARN] ModelIntegratedComponent:51 - No mode defined for component null
2026-08-17 08:31:10,785 [WARN] ModelIntegratedComponent:51 - No mode defined for component null
2026-08-17 08:31:10,785 [WARN] ModelIntegratedComponent:51 - No mode defined for component null
2026-08-17 08:31:10,785 [WARN] ModelIntegratedComponent:51 - No mode defined for component null
2026-08-17 08:31:10,785 [WARN] ModelIntegratedComponent:51 - No mode defined for component null
2026-08-17 08:31:10,785 [WARN] ModelIntegratedComponent:51 - No mode defined for component null
2026-08-17 08:31:10,785 [WARN] ModelIntegratedComponent:51 - No mode defined for component null
2026-08-17 08:31:10,785 [WARN] ModelIntegratedComponent:51 - No mode defined for component null
2026-08-17 08:31:10,785 [WARN] ModelIntegratedComponent:51 - No mode defined for component null
2026-08-17 08:31:10,785 [WARN] ModelIntegratedComponent:51 - No mode defined for component null
2026-08-17 08:31:10,785 [WARN] ModelIntegratedComponent:51 - No mode defined for component null
2026-08-17 08:31:10,785 [WARN] ModelIntegratedComponent:51 - No mode defined for component null
2026-08-17 08:31:10,785 [WARN] ModelIntegratedComponent:51 - No mode defined for component null
2026-08-17 08:31:10,785 [WARN] ModelIntegratedComponent:51 - No mode defined for component null
2026-08-17 08:31:10,785 [WARN] ModelIntegratedComponent:51 - No mode defined for component null
2026-08-17 08:31:10,785 [WARN] ModelIntegratedComponent:51 - No mode defined for component null
2026-08-17 08:31:10,785 [WARN] ModelIntegratedComponent:51 - No mode defined for component null
2026-08-17 08:31:10,785 [WARN] ModelIntegratedComponent:51 - No mode defined for component null
2026-08-17 08:31:10,786 [WARN] ModelIntegratedComponent:51 - No mode defined for component null
2026-08-17 08:31:10,786 [WARN] ModelIntegratedComponent:51 - No mode defined for component null
2026-08-17 08:31:10,786 [WARN] ModelIntegratedComponent:51 - No mode defined for component null
2026-08-17 08:31:10,786 [WARN] ModelIntegratedComponent:51 - No mode defined for component null
2026-08-17 08:31:10,786 [WARN] ModelIntegratedComponent:51 - No mode defined for component null
2026-08-17 08:31:10,786 [WARN] ModelIntegratedComponent:51 - No mode defined for component null
2026-08-17 08:31:10,786 [WARN] ModelIntegratedComponent:51 - No mode defined for component null
2026-08-17 08:31:10,786 [WARN] ModelIntegratedComponent:51 - No mode defined for component null
2026-08-17 08:31:10,786 [WARN] ModelIntegratedComponent:51 - No mode defined for component null
2026-08-17 08:31:10,786 [WARN] ModelIntegratedComponent:51 - No mode defined for component null
2026-08-17 08:31:10,786 [WARN] ModelIntegratedComponent:51 - No mode defined for component null
2026-08-17 08:31:10,786 [WARN] ModelIntegratedComponent:51 - No mode defined for component null
2026-08-17 08:31:10,786 [WARN] ModelIntegratedComponent:51 - No mode defined for component null
2026-08-17 08:31:10,786 [WARN] ModelIntegratedComponent:51 - No mode defined for component null
2026-08-17 08:31:10,786 [WARN] ModelIntegratedComponent:51 - No mode defined for component null
2026-08-17 08:31:10,786 [WARN] ModelIntegratedComponent:51 - No mode defined for component null
2026-08-17 08:31:10,786 [WARN] ModelIntegratedComponent:51 - No mode defined for component null
2026-08-17 08:31:10,787 [WARN] ApiManager:294 - Cannot register API 'Board Extension:NFC07A1' from pack STMicroelectronics.X-CUBE-NFC7.1.0.1: no header file found
2026-08-17 08:31:10,787 [WARN] ApiManager:294 - Cannot register API 'Board Extension:GNSS1A1' from pack STMicroelectronics.X-CUBE-GNSS1.7.1.0: no header file found
2026-08-17 08:31:10,787 [WARN] ApiManager:294 - Cannot register API 'Board Support:Custom' from pack STMicroelectronics.X-CUBE-GNSS1.7.1.0: no header file found
2026-08-17 08:31:10,787 [WARN] ApiManager:294 - Cannot register API 'Data Exchange:lib_gnss' from pack STMicroelectronics.X-CUBE-GNSS1.7.1.0: no header file found
2026-08-17 08:31:10,788 [WARN] ApiManager:294 - Cannot register API 'Board Extension:SAFEA1' from pack STMicroelectronics.X-CUBE-STSE01.1.0.0: no header file found
2026-08-17 08:31:10,788 [WARN] ApiManager:294 - Cannot register API 'Board Extension:ESE01A1' from pack STMicroelectronics.X-CUBE-STSE01.1.0.0: no header file found
2026-08-17 08:31:10,788 [WARN] ApiManager:294 - Cannot register API 'Board Part:STSAFEA110' from pack STMicroelectronics.X-CUBE-STSE01.1.0.0: no header file found
2026-08-17 08:31:10,788 [WARN] ApiManager:294 - Cannot register API 'Board Part:STSAFEA120' from pack STMicroelectronics.X-CUBE-STSE01.1.0.0: no header file found
2026-08-17 08:31:10,788 [WARN] ApiManager:294 - Cannot register API 'Security:STM32_Cryptographic' from pack STMicroelectronics.X-CUBE-STSE01.1.0.0: no header file found
2026-08-17 08:31:10,788 [WARN] ApiManager:294 - Cannot register API 'Security:STSELib' from pack STMicroelectronics.X-CUBE-STSE01.1.0.0: no header file found
2026-08-17 08:31:10,789 [WARN] ApiManager:294 - Cannot register API 'Board Extension:NFC06A1' from pack STMicroelectronics.X-CUBE-NFC6.3.2.0: no header file found
2026-08-17 08:31:10,789 [WARN] ApiManager:294 - Cannot register API 'Board Extension:NFC08A1' from pack STMicroelectronics.X-CUBE-NFC6.3.2.0: no header file found
2026-08-17 08:31:10,830 [WARN] ApiManager:294 - Cannot register API 'Board Extension:IKS02A1' from pack STMicroelectronics.X-CUBE-MEMS1.12.1.0: no header file found
2026-08-17 08:31:10,830 [WARN] ApiManager:294 - Cannot register API 'Board Extension:IKS4A1' from pack STMicroelectronics.X-CUBE-MEMS1.12.1.0: no header file found
2026-08-17 08:31:10,830 [WARN] ApiManager:294 - Cannot register API 'Board Extension:IKS5A1' from pack STMicroelectronics.X-CUBE-MEMS1.12.1.0: no header file found
2026-08-17 08:31:10,862 [WARN] ApiManager:294 - Cannot register API 'Board Extension:IKS01A3' from pack STMicroelectronics.X-CUBE-MEMS1.11.1.0: no header file found
2026-08-17 08:31:10,862 [WARN] ApiManager:294 - Cannot register API 'Board Extension:IKS02A1' from pack STMicroelectronics.X-CUBE-MEMS1.11.1.0: no header file found
2026-08-17 08:31:10,862 [WARN] ApiManager:294 - Cannot register API 'Board Extension:IKS4A1' from pack STMicroelectronics.X-CUBE-MEMS1.11.1.0: no header file found
2026-08-17 08:31:10,879 [WARN] ApiManager:294 - Cannot register API 'Board Extension:IKS01A3' from pack STMicroelectronics.X-CUBE-MEMS1.11.3.0: no header file found
2026-08-17 08:31:10,879 [WARN] ApiManager:294 - Cannot register API 'Board Extension:IKS02A1' from pack STMicroelectronics.X-CUBE-MEMS1.11.3.0: no header file found
2026-08-17 08:31:10,879 [WARN] ApiManager:294 - Cannot register API 'Board Extension:IKS4A1' from pack STMicroelectronics.X-CUBE-MEMS1.11.3.0: no header file found
2026-08-17 08:31:10,900 [WARN] ApiManager:294 - Cannot register API 'Board Extension:S2868A1' from pack STMicroelectronics.X-CUBE-SFXS2LP1.4.0.0: no header file found
2026-08-17 08:31:10,901 [WARN] ApiManager:294 - Cannot register API 'Board Extension:S2868A2' from pack STMicroelectronics.X-CUBE-SFXS2LP1.4.0.0: no header file found
2026-08-17 08:31:10,901 [WARN] ApiManager:294 - Cannot register API 'Board Extension:S2915A1' from pack STMicroelectronics.X-CUBE-SFXS2LP1.4.0.0: no header file found
2026-08-17 08:31:10,901 [WARN] ApiManager:294 - Cannot register API 'Wireless:BlueNRG-2' from pack STMicroelectronics.X-CUBE-BLE2.3.3.0: no header file found
2026-08-17 08:31:10,902 [WARN] ApiManager:294 - Cannot register API 'Board Extension:NFC13A1' from pack STMicroelectronics.X-CUBE-NFC13.1.0.0: no header file found
2026-08-17 08:31:10,902 [WARN] ApiManager:294 - Cannot register API 'Wireless:STM32WB05N' from pack STMicroelectronics.X-CUBE-WB05N.2.1.0: no header file found
2026-08-17 08:31:13,079 [INFO] ImportTextPane:162 - (OptionalMessage_ERROR) IP (RCC) : Invalid parameter (FamilyName)
2026-08-17 08:31:13,142 [INFO] UtilMem:74 - End LoadConfig() Used Memory: 897875064 Bytes (1073741824)
2026-08-17 08:31:13,142 [INFO] DbMcusXml:97 - Load MCU database from C:\ST\STM32CubeIDE_1.5.1\STM32CubeIDE\plugins\com.st.stm32cube.common.mx_6.1.1.202012091304\\db\/mcu/families.xml
2026-08-17 08:31:13,566 [INFO] DbMcusJson:92 - JSON generation date=Tue Nov 16 13:17:54 BRT 2021 (1637079474)
2026-08-17 08:31:13,909 [INFO] DbMcus:176 - Found 1835 MCUs (1796 are supported by CubeMX, 1920 are visible in CubeMX)
2026-08-17 08:31:13,924 [INFO] ApiDb:238 - Load user favorites file C:\Users\Alunos/.stm32cubeide/favorites.mcus.txt: 1 item(s)
2026-08-17 08:31:13,924 [INFO] ApiDb:242 - User favorites MCUs=[STM32F103C8Tx]
2026-08-17 08:31:13,924 [INFO] DbMcus:188 - Set 1 / 1 favorites MCUs
2026-08-17 08:31:13,929 [WARN] ThirdParty:749 - waiting for thirdparty lock release [change project]
2026-08-17 08:31:13,929 [INFO] ThirdParty:751 - entering critical section [change project]
2026-08-17 08:31:13,929 [INFO] ThirdParty:939 - CMSIS Pack Vendor :STMicroelectronics X-CUBE-AZRTOS-H7 3.5.0
2026-08-17 08:31:13,929 [INFO] ThirdParty:939 - CMSIS Pack Vendor :STMicroelectronics X-CUBE-PM33A1 1.0.0
2026-08-17 08:31:13,929 [INFO] ThirdParty:939 - CMSIS Pack Vendor :STMicroelectronics X-CUBE-AZRTOS-H7 3.3.0
2026-08-17 08:31:13,929 [INFO] ThirdParty:939 - CMSIS Pack Vendor :STMicroelectronics X-CUBE-NFC9 1.0.0
2026-08-17 08:31:13,929 [INFO] ThirdParty:939 - CMSIS Pack Vendor :STMicroelectronics USB_HOST 2.0.0
2026-08-17 08:31:13,929 [INFO] ThirdParty:939 - CMSIS Pack Vendor :STMicroelectronics FP-ATR-ASTRA1 2.0.3
2026-08-17 08:31:13,929 [INFO] ThirdParty:939 - CMSIS Pack Vendor :STMicroelectronics X-CUBE-AZRTOS-F4 1.1.0
2026-08-17 08:31:13,929 [INFO] ThirdParty:939 - CMSIS Pack Vendor :STMicroelectronics FP-ATR-ASTRA1 2.0.2
2026-08-17 08:31:13,929 [INFO] ThirdParty:939 - CMSIS Pack Vendor :STMicroelectronics FP-ATR-ASTRA1 2.0.1
2026-08-17 08:31:13,929 [INFO] ThirdParty:939 - CMSIS Pack Vendor :STMicroelectronics X-CUBE-BLE1 7.1.0
2026-08-17 08:31:13,929 [INFO] ThirdParty:939 - CMSIS Pack Vendor :STMicroelectronics X-CUBE-WB05N 1.1.0
2026-08-17 08:31:13,929 [INFO] ThirdParty:939 - CMSIS Pack Vendor :wolfSSL I-CUBE-wolfMQTT 1.19.2
2026-08-17 08:31:13,929 [INFO] ThirdParty:939 - CMSIS Pack Vendor :STMicroelectronics USB_DEVICE 3.0.0
2026-08-17 08:31:13,929 [INFO] ThirdParty:939 - CMSIS Pack Vendor :STMicroelectronics X-CUBE-ISPU 2.1.0
2026-08-17 08:31:13,929 [INFO] ThirdParty:939 - CMSIS Pack Vendor :STMicroelectronics X-CUBE-EEPRMA1 5.2.0
2026-08-17 08:31:13,929 [INFO] ThirdParty:939 - CMSIS Pack Vendor :STMicroelectronics X-CUBE-AZRTOS-WB 2.0.0
2026-08-17 08:31:13,929 [INFO] ThirdParty:939 - CMSIS Pack Vendor :STMicroelectronics X-CUBE-GNSS1 7.0.1
2026-08-17 08:31:13,929 [INFO] ThirdParty:939 - CMSIS Pack Vendor :STMicroelectronics X-CUBE-NFC12 1.0.0
2026-08-17 08:31:13,929 [INFO] ThirdParty:939 - CMSIS Pack Vendor :STMicroelectronics X-CUBE-AZRTOS-F7 1.1.0
2026-08-17 08:31:13,929 [INFO] ThirdParty:939 - CMSIS Pack Vendor :STMicroelectronics X-CUBE-AZRTOS-L5 2.0.0
2026-08-17 08:31:13,929 [INFO] ThirdParty:939 - CMSIS Pack Vendor :STMicroelectronics X-CUBE-TOUCHGFX 4.25.0
2026-08-17 08:31:13,929 [INFO] ThirdParty:939 - CMSIS Pack Vendor :STMicroelectronics USB_DEVICE 2.0.0
2026-08-17 08:31:13,929 [INFO] ThirdParty:939 - CMSIS Pack Vendor :STMicroelectronics X-CUBE-NFC6 3.1.0
2026-08-17 08:31:13,929 [INFO] ThirdParty:939 - CMSIS Pack Vendor :STMicroelectronics X-CUBE-AI 10.1.0
2026-08-17 08:31:13,929 [INFO] ThirdParty:939 - CMSIS Pack Vendor :STMicroelectronics X-CUBE-MEMS1 12.0.0
2026-08-17 08:31:13,929 [INFO] ThirdParty:939 - CMSIS Pack Vendor :STMicroelectronics X-CUBE-STSE01 2.0.0
2026-08-17 08:31:13,929 [INFO] ThirdParty:939 - CMSIS Pack Vendor :STMicroelectronics X-CUBE-ALGOBUILD 1.5.0
2026-08-17 08:31:13,929 [INFO] ThirdParty:939 - CMSIS Pack Vendor :STMicroelectronics X-CUBE-MEMS1 11.2.0
2026-08-17 08:31:13,929 [INFO] ThirdParty:939 - CMSIS Pack Vendor :STMicroelectronics FreeRTOS 0.0.1
2026-08-17 08:31:13,929 [INFO] ThirdParty:939 - CMSIS Pack Vendor :STMicroelectronics X-CUBE-AZRTOS-H7RS 1.3.0
2026-08-17 08:31:13,929 [INFO] ThirdParty:939 - CMSIS Pack Vendor :STMicroelectronics X-CUBE-AZRTOS-G0 1.1.0
2026-08-17 08:31:13,929 [INFO] ThirdParty:939 - CMSIS Pack Vendor :STMicroelectronics X-CUBE-SAFEA1 1.2.2
2026-08-17 08:31:13,929 [INFO] ThirdParty:939 - CMSIS Pack Vendor :STMicroelectronics X-CUBE-NFC4 3.0.0
2026-08-17 08:31:13,929 [INFO] ThirdParty:939 - CMSIS Pack Vendor :STMicroelectronics X-CUBE-SUBG2 5.0.0
2026-08-17 08:31:13,929 [INFO] ThirdParty:939 - CMSIS Pack Vendor :STMicroelectronics X-CUBE-AZRTOS-H7RS 1.1.0
2026-08-17 08:31:13,929 [INFO] ThirdParty:939 - CMSIS Pack Vendor :STMicroelectronics lwIP 2.0.3
2026-08-17 08:31:13,929 [INFO] ThirdParty:939 - CMSIS Pack Vendor :STMicroelectronics X-CUBE-MEMS1 13.0.0
2026-08-17 08:31:13,929 [INFO] ThirdParty:939 - CMSIS Pack Vendor :STMicroelectronics USB_HOST 1.0.0
2026-08-17 08:31:13,929 [INFO] ThirdParty:939 - CMSIS Pack Vendor :STMicroelectronics X-CUBE-AZRTOS-G4 2.0.0
2026-08-17 08:31:13,929 [INFO] ThirdParty:939 - CMSIS Pack Vendor :STMicroelectronics X-CUBE-WB05N 2.0.0
2026-08-17 08:31:13,929 [INFO] ThirdParty:939 - CMSIS Pack Vendor :STMicroelectronics PDM2PCM 3.1.0
2026-08-17 08:31:13,929 [INFO] ThirdParty:939 - CMSIS Pack Vendor :STMicroelectronics PDM2PCM 3.3.0
2026-08-17 08:31:13,929 [INFO] ThirdParty:939 - CMSIS Pack Vendor :wolfSSL I-CUBE-wolfTPM 3.8.0
2026-08-17 08:31:13,929 [INFO] ThirdParty:939 - CMSIS Pack Vendor :STMicroelectronics X-CUBE-AZRTOS-H7 3.4.0
2026-08-17 08:31:13,929 [INFO] ThirdParty:939 - CMSIS Pack Vendor :wolfSSL I-CUBE-wolfSSH 1.4.20
2026-08-17 08:31:13,929 [INFO] ThirdParty:939 - CMSIS Pack Vendor :STMicroelectronics X-CUBE-NFC7 2.0.0
2026-08-17 08:31:13,929 [INFO] ThirdParty:939 - CMSIS Pack Vendor :STMicroelectronics X-CUBE-GNSS1 7.1.1
2026-08-17 08:31:13,929 [INFO] ThirdParty:939 - CMSIS Pack Vendor :STMicroelectronics X-CUBE-BLE1 7.0.0
2026-08-17 08:31:13,929 [INFO] ThirdParty:939 - CMSIS Pack Vendor :STMicroelectronics FP-ATR-SIGFOX1 3.2.0
2026-08-17 08:31:13,929 [INFO] ThirdParty:939 - CMSIS Pack Vendor :STMicroelectronics X-CUBE-NFC10 1.0.0
2026-08-17 08:31:13,929 [INFO] ThirdParty:939 - CMSIS Pack Vendor :STMicroelectronics X-CUBE-EEPRMA1 5.1.0
2026-08-17 08:31:13,929 [INFO] ThirdParty:939 - CMSIS Pack Vendor :STMicroelectronics HAL Drivers 0.0.0
2026-08-17 08:31:13,929 [INFO] ThirdParty:939 - CMSIS Pack Vendor :STMicroelectronics MBEDTLS 2.16.2
2026-08-17 08:31:13,929 [INFO] ThirdParty:939 - CMSIS Pack Vendor :STMicroelectronics X-CUBE-NFC7 1.0.1
2026-08-17 08:31:13,929 [INFO] ThirdParty:939 - CMSIS Pack Vendor :STMicroelectronics MBEDTLS 2.14.1
2026-08-17 08:31:13,929 [INFO] ThirdParty:939 - CMSIS Pack Vendor :STMicroelectronics X-CUBE-GNSS1 7.1.0
2026-08-17 08:31:13,929 [INFO] ThirdParty:939 - CMSIS Pack Vendor :wolfSSL I-CUBE-wolfSSL 5.7.6
2026-08-17 08:31:13,929 [INFO] ThirdParty:939 - CMSIS Pack Vendor :STMicroelectronics X-CUBE-TOUCHGFX 4.26.0
2026-08-17 08:31:13,929 [INFO] ThirdParty:939 - CMSIS Pack Vendor :STMicroelectronics X-CUBE-TOUCHGFX 4.24.2
2026-08-17 08:31:13,929 [INFO] ThirdParty:939 - CMSIS Pack Vendor :STMicroelectronics X-CUBE-STSE01 1.0.0
2026-08-17 08:31:13,929 [INFO] ThirdParty:939 - CMSIS Pack Vendor :STMicroelectronics X-CUBE-TOUCHGFX 4.26.1
2026-08-17 08:31:13,929 [INFO] ThirdParty:939 - CMSIS Pack Vendor :portGmbH I-Cube-SoM-uGOAL 1.1.0
2026-08-17 08:31:13,929 [INFO] ThirdParty:939 - CMSIS Pack Vendor :STMicroelectronics X-CUBE-NFC6 3.2.0
2026-08-17 08:31:13,929 [INFO] ThirdParty:939 - CMSIS Pack Vendor :STMicroelectronics X-CUBE-AI 10.0.0
2026-08-17 08:31:13,929 [INFO] ThirdParty:939 - CMSIS Pack Vendor :STMicroelectronics X-CUBE-AI 10.2.1
2026-08-17 08:31:13,929 [INFO] ThirdParty:939 - CMSIS Pack Vendor :STMicroelectronics X-CUBE-AI 10.2.0
2026-08-17 08:31:13,929 [INFO] ThirdParty:939 - CMSIS Pack Vendor :STMicroelectronics X-CUBE-MEMS1 12.1.0
2026-08-17 08:31:13,929 [INFO] ThirdParty:939 - CMSIS Pack Vendor :STMicroelectronics X-CUBE-MEMS1 11.1.0
2026-08-17 08:31:13,929 [INFO] ThirdParty:939 - CMSIS Pack Vendor :STMicroelectronics X-CUBE-AZRTOS-WL 2.0.0
2026-08-17 08:31:13,929 [INFO] ThirdParty:939 - CMSIS Pack Vendor :SEGGER I-CUBE-embOS 1.3.1
2026-08-17 08:31:13,929 [INFO] ThirdParty:939 - CMSIS Pack Vendor :STMicroelectronics X-CUBE-ALGOBUILD 1.4.0
2026-08-17 08:31:13,929 [INFO] ThirdParty:939 - CMSIS Pack Vendor :STMicroelectronics X-CUBE-MEMS1 11.3.0
2026-08-17 08:31:13,929 [INFO] ThirdParty:939 - CMSIS Pack Vendor :STMicroelectronics USB_DEVICE 1.0.0
2026-08-17 08:31:13,929 [INFO] ThirdParty:939 - CMSIS Pack Vendor :STMicroelectronics X-CUBE-AZRTOS-H7RS 1.2.0
2026-08-17 08:31:13,929 [INFO] ThirdParty:939 - CMSIS Pack Vendor :STMicroelectronics X-CUBE-AZRTOS-H7RS 1.0.0
2026-08-17 08:31:13,929 [INFO] ThirdParty:939 - CMSIS Pack Vendor :STMicroelectronics X-CUBE-AZRTOS-L4 2.0.0
2026-08-17 08:31:13,929 [INFO] ThirdParty:939 - CMSIS Pack Vendor :WES I-CUBE-Cesium 1.3.0
2026-08-17 08:31:13,929 [INFO] ThirdParty:939 - CMSIS Pack Vendor :STMicroelectronics lwIP 2.1.2
2026-08-17 08:31:13,929 [INFO] ThirdParty:939 - CMSIS Pack Vendor :STMicroelectronics X-CUBE-SFXS2LP1 4.0.0
2026-08-17 08:31:13,929 [INFO] ThirdParty:939 - CMSIS Pack Vendor :STMicroelectronics X-CUBE-BLE2 3.3.0
2026-08-17 08:31:13,929 [INFO] ThirdParty:939 - CMSIS Pack Vendor :STMicroelectronics X-CUBE-NFC13 1.0.0
2026-08-17 08:31:13,929 [INFO] ThirdParty:939 - CMSIS Pack Vendor :STMicroelectronics PDM2PCM 3.2.0
2026-08-17 08:31:13,929 [INFO] ThirdParty:939 - CMSIS Pack Vendor :STMicroelectronics X-CUBE-WB05N 2.1.0
2026-08-17 08:31:13,929 [INFO] ThirdParty:757 - exiting critical section [change project]
2026-08-17 08:31:14,127 [INFO] PinOutPanel:1434 - setPackage(No Configuration,No Configuration)
2026-08-17 08:31:14,127 [INFO] PinOutPanel:1434 - setPackage(STM32F103C8Tx,LQFP48)
2026-08-17 08:31:14,311 [INFO] UtilMem:74 - Before build in PCC Used Memory: 962664328 Bytes (1073741824)
2026-08-17 08:31:14,584 [INFO] SharedServices:72 - Folder for power plug-in: C:/Users/Alunos/.stm32cubemx/plugins/power
2026-08-17 08:31:14,623 [INFO] SharedServices:72 - Folder for power plug-in: C:/Users/Alunos/.stm32cubemx/plugins/power
2026-08-17 08:31:14,637 [INFO] SharedServices:72 - Folder for power plug-in: C:/Users/Alunos/.stm32cubemx/plugins/power
2026-08-17 08:31:14,653 [INFO] SharedServices:72 - Folder for power plug-in: C:/Users/Alunos/.stm32cubemx/plugins/power
2026-08-17 08:31:14,785 [INFO] UtilMem:74 - After build in PCC Used Memory: 982263712 Bytes (1073741824)
2026-08-17 08:31:14,846 [INFO] ApiDbMcu:456 - Load IP Config File for USB_DEVICE
2026-08-17 08:31:14,887 [INFO] IPUIPlugin:64 - create IPUIPlugin
2026-08-17 08:31:14,887 [INFO] IPUIPlugin:64 - create IPUIPlugin
2026-08-17 08:31:14,887 [INFO] IPUIPlugin:64 - create IPUIPlugin
2026-08-17 08:31:14,887 [INFO] IPUIPlugin:64 - create IPUIPlugin
2026-08-17 08:31:14,887 [INFO] IPUIPlugin:64 - create IPUIPlugin
2026-08-17 08:31:14,887 [INFO] IPUIPlugin:64 - create IPUIPlugin
2026-08-17 08:31:14,887 [INFO] IPUIPlugin:64 - create IPUIPlugin
2026-08-17 08:31:14,887 [INFO] IPUIPlugin:64 - create IPUIPlugin
2026-08-17 08:31:14,887 [INFO] IPUIPlugin:64 - create IPUIPlugin
2026-08-17 08:31:14,887 [INFO] IPUIPlugin:64 - create IPUIPlugin
2026-08-17 08:31:14,887 [INFO] IPUIPlugin:64 - create IPUIPlugin
2026-08-17 08:31:14,887 [INFO] IPUIPlugin:64 - create IPUIPlugin
2026-08-17 08:31:14,887 [INFO] IPUIPlugin:64 - create IPUIPlugin
2026-08-17 08:31:14,887 [INFO] IPUIPlugin:64 - create IPUIPlugin
2026-08-17 08:31:14,887 [INFO] IPUIPlugin:64 - create IPUIPlugin
2026-08-17 08:31:14,887 [INFO] IPUIPlugin:64 - create IPUIPlugin
2026-08-17 08:31:14,887 [INFO] IPUIPlugin:64 - create IPUIPlugin
2026-08-17 08:31:14,887 [INFO] IPUIPlugin:64 - create IPUIPlugin
2026-08-17 08:31:14,887 [INFO] IPUIPlugin:64 - create IPUIPlugin
2026-08-17 08:31:14,887 [INFO] IPUIPlugin:64 - create IPUIPlugin
2026-08-17 08:31:14,887 [INFO] IPUIPlugin:64 - create IPUIPlugin
2026-08-17 08:31:14,887 [INFO] IPUIPlugin:64 - create IPUIPlugin
2026-08-17 08:31:14,887 [INFO] IPUIPlugin:64 - create IPUIPlugin
2026-08-17 08:31:14,887 [INFO] IPUIPlugin:64 - create IPUIPlugin
2026-08-17 08:31:14,887 [INFO] IPUIPlugin:64 - create IPUIPlugin
2026-08-17 08:31:14,887 [INFO] IPUIPlugin:64 - create IPUIPlugin
2026-08-17 08:31:14,887 [INFO] IPUIPlugin:64 - create IPUIPlugin
2026-08-17 08:31:14,918 [INFO] LogOutputStream:76 - [STDOUT_REDIRECT] toolchainItems.length=====1
2026-08-17 08:31:14,970 [INFO] OpenFileManager:294 - Restore cursor
